"Term","P-value.x","Adjusted P-value.x","Combined Score.x","Genes.x","P-value.y","Adjusted P-value.y","Combined Score.y","Genes.y","P-value.x.x","Adjusted P-value.x.x","Combined Score.x.x","Genes.x.x","P-value.y.y","Adjusted P-value.y.y","Combined Score.y.y","Genes.y.y","P-value.x.x.x","Adjusted P-value.x.x.x","Combined Score.x.x.x","Genes.x.x.x","P-value.y.y.y","Adjusted P-value.y.y.y","Combined Score.y.y.y","Genes.y.y.y"
"Collagen-Containing Extracellular Matrix (GO:0062023)",0.000211,0.027410686,29.39303766,"LUM;BGN;CLEC14A;COMP;VTN;COL3A1;CLEC3B;EFEMP1;IGFBPL1;LOX;CILP;SERPING1;EMILIN1",NA,NA,NA,NA,NA,NA,NA,NA,NA,NA,NA,NA,2.15e-06,0.000155,89.05384045,"COL1A1;COL1A2;LUM;SERPINE1;BGN;COL6A3;CCN2;HMCN1;FBLN5;ASPN;THBS4",5.84e-15,1.76e-12,98.33952883,"ACHE;SERPINA3;SRPX;COL16A1;SERPINE2;COL14A1;LOXL1;HAPLN1;LOXL2;ADAMTS4;LGALS1;TNN;CTSH;EMILIN1;POSTN;EGFL7;WNT5B;COL25A1;MMP2;COL23A1;BGN;PCOLCE;NPNT;SERPINB8;ASPN;DCN;GREM1;F7;SFRP1;VCAN;LOX;ANGPTL6;COL6A2;COL8A2;ANGPTL2;COL21A1;COL6A3;ANGPTL4;MXRA5;ITIH5;ITIH4;COL15A1;ITIH2;COL13A1;LAMA2;LAMA4;COL11A2;FGL2;FBLN1;LTBP2;PRELP;NID1;FBLN2;NID2;ADAMTS10;HPX;SRPX2;GDF10;ANGPT2;LAMB3;TGFB3;LUM;FN1;PRG4;PODN;AGT;COL1A1;SMOC2;MFAP4;COL3A1;COL1A2;CXCL12;SMOC1;COL5A3;OGN;MGP;CNTN1;CSPG4;COL9A2;TGFBI;FBN1;CBLN1"
"Chemokine Activity (GO:0008009)",0.000131,0.020764063,102.487772,"CCL24;CXCL10;CCL23;CCL8;CCL15",NA,NA,NA,NA,NA,NA,NA,NA,NA,NA,NA,NA,NA,NA,NA,NA,NA,NA,NA,NA
"Chemokine Receptor Binding (GO:0042379)",0.000196,0.020764063,89.17436006,"CCL24;CXCL10;CCL23;CCL8;CCL15",NA,NA,NA,NA,NA,NA,NA,NA,NA,NA,NA,NA,NA,NA,NA,NA,NA,NA,NA,NA
"Chemokine-Mediated Signaling Pathway (GO:0070098)",3.31e-05,0.015499591,114.605402,"CCL24;CXCL10;FOXC1;CCL23;CCL8;CCL15",NA,NA,NA,NA,NA,NA,NA,NA,NA,NA,NA,NA,NA,NA,NA,NA,NA,NA,NA,NA
"Response To Interleukin-1 (GO:0070555)",3.65e-05,0.015499591,86.88259546,"CCL24;CCL23;CCL8;TAF9;CHI3L1;TANK;CCL15",NA,NA,NA,NA,NA,NA,NA,NA,NA,NA,NA,NA,NA,NA,NA,NA,NA,NA,NA,NA
"Cellular Response To Chemokine (GO:1990869)",4.03e-05,0.015499591,108.1469492,"CCL24;CXCL10;FOXC1;CCL23;CCL8;CCL15",NA,NA,NA,NA,NA,NA,NA,NA,NA,NA,NA,NA,NA,NA,NA,NA,NA,NA,NA,NA
"Lymphocyte Chemotaxis (GO:0048247)",0.000106,0.019197715,110.3514141,"CCL24;CXCL10;CCL23;CCL8;CCL15",NA,NA,NA,NA,NA,NA,NA,NA,NA,NA,NA,NA,NA,NA,NA,NA,NA,NA,NA,NA
"Neutrophil Chemotaxis (GO:0030593)",0.000106,0.019197715,80.9281116,"CCL24;CXCL10;CCL23;CCL8;PPIB;CCL15",NA,NA,NA,NA,NA,NA,NA,NA,NA,NA,NA,NA,NA,NA,NA,NA,NA,NA,NA,NA
"Eosinophil Chemotaxis (GO:0048245)",0.000117,0.019197715,169.6825514,"CCL24;CCL23;CCL8;CCL15",NA,NA,NA,NA,NA,NA,NA,NA,NA,NA,NA,NA,NA,NA,NA,NA,NA,NA,NA,NA
"Eosinophil Migration (GO:0072677)",0.000117,0.019197715,169.6825514,"CCL24;CCL23;CCL8;CCL15",NA,NA,NA,NA,NA,NA,NA,NA,NA,NA,NA,NA,NA,NA,NA,NA,NA,NA,NA,NA
"Granulocyte Chemotaxis (GO:0071621)",0.000134,0.019382626,75.31275509,"CCL24;CXCL10;CCL23;CCL8;PPIB;CCL15",NA,NA,NA,NA,NA,NA,NA,NA,NA,NA,NA,NA,NA,NA,NA,NA,NA,NA,NA,NA
"Response To Tumor Necrosis Factor (GO:0034612)",0.000167,0.0208411,57.02794777,"CCL24;CCL23;CASP8;CCL8;CHI3L1;TANK;CCL15",NA,NA,NA,NA,NA,NA,NA,NA,NA,NA,NA,NA,NA,NA,NA,NA,NA,NA,NA,NA
"Neutrophil Migration (GO:1990266)",0.000181,0.0208411,68.69834678,"CCL24;CXCL10;CCL23;CCL8;PPIB;CCL15",NA,NA,NA,NA,NA,NA,NA,NA,NA,NA,NA,NA,NA,NA,NA,NA,NA,NA,NA,NA
"Inflammatory Response (GO:0006954)",0.000247,0.025923526,35.06026366,"TLR1;CCL24;CXCL10;CCL23;CCL8;NOS2;OLR1;CHI3L1;NLRC4;CCL15",NA,NA,NA,NA,NA,NA,NA,NA,NA,NA,NA,NA,NA,NA,NA,NA,NA,NA,NA,NA
"Chemokine signaling pathway",0.00024,0.043710691,39.00200196,"CXCL10;CCL24;CCL23;CCL8;GRK4;GNG7;STAT2;PLCB2;CCL15",NA,NA,NA,NA,NA,NA,NA,NA,NA,NA,NA,NA,NA,NA,NA,NA,NA,NA,NA,NA
"Estrogen 16-Alpha-Hydroxylase Activity (GO:0101020)",2.19e-06,0.000621,1078.323517,"CYP3A43;CYP3A4;CYP3A5;CYP3A7",NA,NA,NA,NA,NA,NA,NA,NA,NA,NA,NA,NA,NA,NA,NA,NA,NA,NA,NA,NA
"Retinoic Acid 4-Hydroxylase Activity (GO:0008401)",0.00032,0.042744752,248.8951996,"CYP3A4;CYP3A5;CYP3A7",NA,NA,NA,NA,NA,NA,NA,NA,NA,NA,NA,NA,NA,NA,NA,NA,NA,NA,NA,NA
"Steroid Hydroxylase Activity (GO:0008395)",0.000453,0.042744752,100.5273735,"CYP3A43;CYP3A4;CYP3A5;CYP3A7",NA,NA,NA,NA,NA,NA,NA,NA,NA,NA,NA,NA,NA,NA,NA,NA,NA,NA,NA,NA
"Vesicle Cargo Loading (GO:0035459)",NA,NA,NA,NA,5.94e-07,0.001138504,264.0788341,"CTAGE1;CTAGE4;CTAGE9;MIA2;CTAGE8;CTAGE6;CTAGE15",NA,NA,NA,NA,NA,NA,NA,NA,NA,NA,NA,NA,NA,NA,NA,NA
"Establishment Of Protein Localization To Extracellular Region (GO:0035592)",NA,NA,NA,NA,3.86e-06,0.003701063,127.8372178,"CTAGE1;OLFM2;CTAGE4;CTAGE9;MIA2;CTAGE8;CTAGE6;CTAGE15",NA,NA,NA,NA,NA,NA,NA,NA,NA,NA,NA,NA,NA,NA,NA,NA
"Protein Secretion (GO:0009306)",NA,NA,NA,NA,1.06e-05,0.006783126,84.4159807,"CTAGE1;OLFM2;CTAGE4;CTAGE9;MIA2;CTAGE8;CTAGE6;VIP;CTAGE15",NA,NA,NA,NA,NA,NA,NA,NA,NA,NA,NA,NA,NA,NA,NA,NA
"Sterol Biosynthetic Process (GO:0016126)",NA,NA,NA,NA,2.11e-05,0.010096332,138.7330296,"PLPP6;SQLE;HMGCS1;DHCR24;HMGCR;FDFT1",NA,NA,NA,NA,NA,NA,NA,NA,NA,NA,NA,NA,0.000185,0.008431351,48.3114224,"SQLE;NSDHL;HMGCS1;FAXDC2;INSIG1;PRKAG2;MSMO1;HMGCR;FDFT1"
"Secondary Alcohol Biosynthetic Process (GO:1902653)",NA,NA,NA,NA,0.000122,0.046735561,111.7883088,"PLPP6;HMGCS1;DHCR24;HMGCR;FDFT1",NA,NA,NA,NA,NA,NA,NA,NA,NA,NA,NA,NA,NA,NA,NA,NA
"Cholesterol Biosynthetic Process (GO:0006695)",NA,NA,NA,NA,0.00015,0.047848575,103.7678175,"PLPP6;HMGCS1;DHCR24;HMGCR;FDFT1",NA,NA,NA,NA,NA,NA,NA,NA,NA,NA,NA,NA,NA,NA,NA,NA
"Calcium-Dependent Cell-Cell Adhesion Via Plasma Membrane Cell Adhesion Molecules (GO:0016339)",NA,NA,NA,NA,1.46e-06,0.002877212,161.2302459,"PCDHGB4;CDH11;DSG1;PCDHB5;PCDHB4;CDH26;CDH15;CDH9",NA,NA,NA,NA,NA,NA,NA,NA,NA,NA,NA,NA,NA,NA,NA,NA
"RNA transport",NA,NA,NA,NA,NA,NA,NA,NA,2.92e-05,0.007324794,32.38202728,"EIF4A2;RNU1-4;RNU1-3;RNU6-1;RNU1-2;RNU1-1;RNU6-9;RPP25L;THOC7;SNUPN;RNVU1-18;SUMO3;RNU5A-1;EIF3G;GEMIN6;NUP54;EIF3E;RNVU1-7;EIF3D;RNU4-2",NA,NA,NA,NA,NA,NA,NA,NA,NA,NA,NA,NA
"Spliceosome",NA,NA,NA,NA,NA,NA,NA,NA,0.000196,0.024593783,26.14207742,"RNU1-4;SF3A3;RNU1-3;RNU6-1;RNU1-2;RNU1-1;DDX23;RNU6-9;PRPF19;CRNKL1;PRPF6;PUF60;RNVU1-18;RNU5A-1;RNVU1-7;RNU4-2",NA,NA,NA,NA,NA,NA,NA,NA,NA,NA,NA,NA
"Regulation Of Transcription Elongation By RNA Polymerase II (GO:0034243)",NA,NA,NA,NA,NA,NA,NA,NA,NA,NA,NA,NA,2.95e-06,0.005975523,77.29609953,"INTS11;INTS12;MED22;INTS1;MED20;HNRNPU;MED9;NELFA;NELFCD;SUPT5H;INTS9;NELFE",NA,NA,NA,NA,NA,NA,NA,NA
"DNA Damage Response (GO:0006974)",NA,NA,NA,NA,NA,NA,NA,NA,NA,NA,NA,NA,5.59e-06,0.005975523,32.95246294,"MUS81;BRAT1;NUDT1;HTRA2;SLX4;RBBP5;CHEK2;MACROD1;IKBKG;MEN1;RFC5;WDHD1;UPF1;ENDOG;KMT5C;SIRT4;CIDEB;VRK1;GNL1;HIC1;INIP;POLA1;SLFN11;MSH2;IRF3;ERCC1;IRF7;SLX1A;HDGFL2",NA,NA,NA,NA,0.001419507,0.037416034,10.93461094,"TOP2A;ATF2;CCNK;WDR48;PHF1;SUV39H1;DOT1L;XIAP;SMC5;CDKN2AIP;YY1;RAD51AP1;VCPIP1;NIPBL;EXO1;ALKBH1;CHEK2;UBR5;PCLAF;FBXO5;TOPBP1;POLH;MCL1;BARD1;POLQ;PARP1;PPP4R3A;MASTL;SMC1A;SIRT1;DDB2;TICRR;RNF168;DEPDC1B;RNF169;RRM2B;UBE2T;PSME4;POLE3;WAC;CDK1;CRY1;RAD17;UBA1;RBM24;RAD18;CUL4B"
"Chromatin Organization (GO:0006325)",NA,NA,NA,NA,NA,NA,NA,NA,NA,NA,NA,NA,2.11e-05,0.015041599,31.90455427,"SMARCB1;H4C9;H2BC8;HDAC11;EHMT1;HNRNPU;YEATS4;LRWD1;H2BC17;TTI1;SOX2;H2BC13;SLFN11;H2BC15;MYBBP1A;H3C14;H2BC21;BCL7B;H2BC11;HMGN2;HDGFL2;H3-3A",NA,NA,NA,NA,0.000119,0.005874717,18.42100461,"KDM5C;HDAC1;PHF1;SUV39H1;SATB2;HMGB2;BAZ2A;CHD4;CHD1;MYSM1;YY1;RBBP4;MIER1;GATAD1;KAT7;ARID2;NFRKB;SF3B1;HMGN3;H3-3A;BPTF;KDM6A;H2BC9;BRD2;DR1;DEK;ARID1A;SIRT1;GATAD2B;HCFC1;PER1;ZZZ3;MTF2;POLE3;WAC;HDGF;HNRNPC;EZH1;EZH2"
"Nucleosome Assembly (GO:0006334)",NA,NA,NA,NA,NA,NA,NA,NA,NA,NA,NA,NA,2.95e-05,0.015777783,68.31572466,"H2BC13;H2BC15;H2BC8;H4C9;H3C14;H2BC21;H2BC11;H2BC17;H3-3A",NA,NA,NA,NA,NA,NA,NA,NA
"protein-DNA Complex Assembly (GO:0065004)",NA,NA,NA,NA,NA,NA,NA,NA,NA,NA,NA,NA,6.11e-05,0.026106458,57.18539624,"H2BC13;H2BC15;H2BC8;H4C9;H3C14;H2BC21;H2BC11;H2BC17;H3-3A",NA,NA,NA,NA,NA,NA,NA,NA
"Nucleosome Organization (GO:0034728)",NA,NA,NA,NA,NA,NA,NA,NA,NA,NA,NA,NA,7.86e-05,0.02798479,47.65179027,"H2BC13;SMARCB1;H2BC15;H2BC8;H4C9;H3C14;H2BC21;H2BC11;H2BC17;H3-3A",NA,NA,NA,NA,NA,NA,NA,NA
"Negative Regulation Of DNA-templated Transcription, Elongation (GO:0032785)",NA,NA,NA,NA,NA,NA,NA,NA,NA,NA,NA,NA,0.000148,0.045182206,110.5109133,"HNRNPU;NELFA;NELFCD;SUPT5H;NELFE",NA,NA,NA,NA,NA,NA,NA,NA
"Nucleus (GO:0005634)",NA,NA,NA,NA,NA,NA,NA,NA,NA,NA,NA,NA,1.18e-05,0.002456182,16.90762252,"TES;SMARCB1;EHMT2;POGK;RRP1;HDAC11;NUDT1;HNRNPU;EHMT1;YEATS4;H2AC18;SOX2;ALKBH5;H2AC13;FRAT1;PTTG1;CHEK2;MACROD1;SVEP1;HMGN2;GLUL;IER2;MEN1;HES6;PDGFRA;AQR;H2AC8;ENDOG;MAP1S;KMT5C;H2AC7;MED9;TSC2;VRK1;INIP;HIC1;PRPF4;PRPF6;SLFN11;MSH2;THAP7;TRIB3;HDGFL2;RHNO1;MEPCE;HTRA2;AKAP17A;FOXO4;AAAS;HNRNPLL;OAZ2;AK9;BAG6;NTHL1;DVL2;ZBED1;DMAP1;MSC;SAC3D1;ZNF784;RBM10;H4C9;INTS1;CBX4;TNK2;RAB3IP;IRF2BP1;XRCC1;FOXN4;NTAN1;SUPT5H;H1-2;CLK2;HNRNPL;H1-4;MOB1A;POLA1;H2AC20;RCAN2;H2AC21;MAGED4;TAF4B;GTF2IRD1;INTS9;FGF12;RNF220;INTS11;MUS81;RNF10;INTS12;YBX1;PRPF19;AATF;MEOX2;H1-10;PTMS;MED12;SART1;MRPL40;DUSP10;MECOM;SUMO3;H2BC21;NELFCD;IKBKG;NELFA;TEAD2;CTNNBL1;H3-3A;APPL1;NELFE;PELP1;RFC5;UPF1;DFFA;MKKS;PRMT7;GPX4;PLAAT1;DDX54;PPP2R5A;OLIG1;TRNAU1AP;OLIG2;GNL1;H2BC17;H2BC18;TTI1;H2BC12;MED22;H2BC13;SCNM1;H2BC15;ZNF788P;IRF3;EEF1D;MED20;H2BC11;IRF7;CACTIN;SLC25A11;SF3B2;GTF2A2;ATF6B;NXN;BRAT1;CXXC1;DLST;GPS2;TULP3;CXCR4;MAT2B;ASCL1;SCAF8;FZR1;PARD6A;H3C14;RBBP5;HSF1;MKNK2;ZNF746;SCAND1;POLR2J;DCPS;ZNF101;H2BC8;ZNF580;H2BC5;ZNF76;WWP2;LRWD1;PEX14;ZNF70;DES;MYBBP1A;CARM1;MAB21L2;FSBP;TAF6",NA,NA,NA,NA,1.18e-22,3.73e-20,89.39068678,"ATF2;MAML1;TESK2;SMC5;SMC4;SMC2;ELK4;ZC3H12C;PPP4R2;ALKBH1;ZXDC;BBX;NFRKB;PRKAB2;RBFOX1;CSNK2A1;CSNK2A3;RFX3;ZNF12;HCFC1;DEPDC1B;PSME4;TYRO3;NUP98;PRR11;ATF3;MTMR2;CDCA2;CDCA4;CDCA5;MRPL19;VPS26C;NCAPG;BAZ2A;WDR62;ZNF24;PRDM10;C9ORF72;OAZ2;ANAPC11;RAD21;ZSCAN10;PPARGC1A;BARD1;TIPARP;PLK1;IRF2BP2;NR1D2;NR1D1;PHC3;HNRNPL;CS;H1-4;MLLT10;HNRNPF;PPT1;REL;RAD17;HBP1;HNRNPC;EZH1;RAD18;EZH2;CDK16;ZNF496;CEP57;PHF3;BTG3;SETD5;CDKN1B;WDR48;GMEB2;PHF1;ADK;MED15;PHF6;PHF8;MED12;MED14;NIPBL;TMSB4X;PBK;NELFCD;DLGAP5;SLC2A14;BRD2;PAWR;SERPINB9;TERF1;SIRT1;DDB2;RNF168;PSMA6;NCOR1;RNF169;PSMA1;INCENP;KIFC1;MTF2;SINHCAF;WDR26;SF3B3;CENPA;EXOSC10;RNF138;USP1;LINC-PINT;ZNF589;BRD8;SF3B1;SRSF11;BRD4;SF3A1;CDKN2C;ATAD5;PCGF5;CSNK1A1;USP9X;ATAD2;RRP1B;HIPK1;SCAF4;GATAD2B;CENPE;ZNF219;SERBP1;RLIM;ZNF217;NCAPD2;PKN2;YPEL5;CENPQ;HSPA1B;CDKN3;HSPA1A;ZNF451;ZNF330;PUS10;CCNT1;GMNN;UBE2D3;CTNND1;ZBTB21;CASC3;IPO5;YY1;PPP1CC;SALL4;PIM1;KPNA6;MAEL;NEK2;KPNA4;KMT5A;KPNA2;HMGN3;CSNK1G3;KHNYN;DYRK1A;ZBTB33;CDC25C;CDC25B;PIAS1;SNRPG;SNRNP27;SRSF4;PKP4;PHIP;SNRNP200;ZNF675;SNRPA;KPNB1;CSNK1G1;TNKS;CUL3;CREBL2;FOXO4;SAV1;RAD51AP1;ATXN3;SBNO1;HMBOX1;BAG4;MED30;ORC1;ATXN7;BTBD3;UBR5;SAFB2;KHDC4;MCL1;TRAPPC2;EIF2B5;ZBTB16;ZBTB10;FOXN3;FOXN2;BTBD8;NDC80;QKI;MOB1B;ADCY10;MLXIPL;STK24;COPS2;CDK2;PIR;CDK1;CNOT8;PIWIL2;ARHGAP11A;CALCOCO2;FOXM1;PAGR1;PTBP1;DUSP10;EXO1;IDH3B;TLK1;TNPO1;RFC1;DIS3;MSL2;ARNT;ZFP91;SMC1A;RANGAP1;RAD23B;MSL1;PTBP3;PTP4A1;MMS22L;ASPM;METTL22;ESPL1;NPC1;SYF2;TRAF6;ZNF516;BIRC5;LCORL;BIRC2;GTF2A1;PRKAA2;UHRF2;CARNMT1;NUFIP2;HDAC1;RNF38;LENG8;TTK;PPM1D;C3ORF38;DNAJB1;RBBP4;IGF2BP2;H2AZ1;IRX2;FEM1B;CNBP;FOXJ3;DONSON;PNRC2;PRC1;PFKM;CUL4B;PANK4;TCERG1;CCNK;PANK3;CCNF;IKZF5;CCAR1;TIAL1;RASSF1;ZNF608;CHEK2;CDC27;CPNE1;PCLAF;FAM53C;RCC1;CPNE3;KAT7;FBXO5;SOX5;SRRM2;ESCO1;SPACDR;IFRD1;NSMCE2;KNL1;UHMK1;SRRM1;THAP1;NEIL3;XRN1;HECA;DNA2;KIF20A;BCORL1;KIF20B;ANKRA2;CBLL1;DCUN1D3;NMD3;ZBTB5;CDKN2AIP;FXR1;RACGAP1;XRRA1;PCBP1;MIER1;ZNF823;TP53BP2;ZBED6;RBM11;SRPK2;AMMECR1;NTAN1;TRERF1;PTK2;TPX2;STAG2;FUBP1;CREBRF;ANP32E;INTS6;RCOR1;CUTC;TOP2A;INTS12;AHCTF1;SUV39H1;OTUD7B;KIF11;WASL;LARP1B;SCML2;XPO1;DHX15;UBXN7;ARIH1;GABPA;H3-3A;PARP1;KIF23;PROX1;KIF22;TUBG1;IGFN1;SUPT3H;DEPDC1;SDE2;G2E3;WAC;DTYMK;DOT1L;XIAP;TYMS;PCNP;PURB;ATP5F1B;SERTAD2;HSF2;EXOSC9;MARCHF7;GPBP1L1;SHOC2;H2BC9;PTGES3;XPO7;RANBP9;SORBS2;PER1;NR6A1;PRKRA;STK17B;TCEA3;CCNG1;TCEA1;HDGF;MAD2L1;JADE1;PEBP1;ARID4B;CHCHD2;RGS3;PTTG1;CWC22;MEIOC;TMEM38B;MORC3;PCID2;BORA;ADAM10;UBE4B;LIG3;CDYL;WBP11;RSBN1;HNRNPUL1;PRPF3;WDFY1;SBDS;PLAA;PPIG;ZCCHC8;PSMD10;KLHL15;PRPF8;INAVA;VCPIP1;CCNB2;CCNB1;ECT2;BPTF;SMAD4;POU2F1;UBE2C;NONO;NUP153;ISG15;CLK4;CLK3;CLK1;UBE2W;SEPSECS;NR4A1;KIF18A;DIAPH3;EIF2S3;KIF18B;NR4A3;UBE2S;UBE2T;JMY;MKRN2;UBA1;BRWD3;RBM27;KDM5C;HP1BP3;HMGB2;C2ORF49;CHD4;LDB2;YBX1;CHD2;USP39;MYSM1;CHD1;UFL1;DBP;ZIC3;GATAD1;PDE4B;TOPBP1;POLH;KDM6A;NAA30;RBM15;PPP2R5D;PPP2R5C;MASTL;ARID1A;YWHAZ;H2BC18;CCNA2;THRAP3;DPPA2;IRF2;CRY1;SPOPL;EAPP;ITGB3BP;CREB5;POLDIP3;MVP;ABRAXAS2;MAT2B;DBF4B;AURKB;CIART;AURKA;GNA13;RMND5A;TNKS2;MXI1;MAPK6;SMNDC1;S100PBP;ATF7IP;TCF7L2;USP25;ATE1;CDK11A;DEK;ARID3B;TICRR;WEE1;TEF;KATNBL1;POLE3;TAF8;ERCC5;NAA16;TAF5;PAXBP1;LPIN1;BNIPL"
"Intracellular Membrane-Bounded Organelle (GO:0043231)",NA,NA,NA,NA,NA,NA,NA,NA,NA,NA,NA,NA,2.19e-05,0.002456182,15.55239151,"TES;SMARCB1;EHMT2;RRP1;HDAC11;NUDT1;HNRNPU;EHMT1;H2AC18;SOX2;ALKBH5;H2AC13;FRAT1;CHEK2;GLUL;IER2;HES6;AQR;ENDOG;MAP1S;MED9;THAP7;TRIB3;RHNO1;MEPCE;AKAP17A;AAAS;HNRNPLL;OAZ2;NTHL1;PLCG2;ZBED1;RBM10;H4C9;INTS1;RAB3IP;IRF2BP1;XRCC1;ABCA7;NTAN1;H1-2;HNRNPL;H1-4;POLA1;H2AC20;H2AC21;MAGED4;GTF2IRD1;INTS9;CD24;RNF220;INTS11;INTS12;MRPS12;PRPF19;AATF;MEOX2;PTMS;MED12;MRPL40;MECOM;AP3S2;NELFCD;IKBKG;NELFA;TEAD2;H3-3A;CTSC;APPL1;NELFE;UPF1;GRIPAP1;DFFA;PRMT7;PLAAT1;GNL1;MED22;SCNM1;MED20;CACTIN;GPRC5C;SF3B2;DLST;GPS2;CXCR4;ASCL1;GGA1;SCAF8;GLRA2;H3C14;SNX25;HSF1;SCAND1;DCPS;ZNF101;H2BC8;ZNF580;H2BC5;ZNF76;WWP2;PEX14;MYBBP1A;SNX15;TRIP10;ANKRD13B;POGK;YEATS4;PTTG1;MACROD1;SVEP1;HMGN2;MEN1;PDGFRA;H2AC8;KMT5C;H2AC7;TSC2;VRK1;INIP;HIC1;PRPF4;PRPF6;SLFN11;MSH2;HDGFL2;HTRA2;FOXO4;AK9;BAG6;DVL2;DMAP1;MSC;SAC3D1;ZNF784;CBX4;TNK2;FOXN4;SUPT5H;CLK2;MOB1A;HOOK2;P4HA2;RCAN2;TAF4B;FGF12;MUS81;RNF10;WNT2B;YBX1;H1-10;SART1;DUSP10;SUMO3;H2BC21;CTNNBL1;PELP1;POLG;RFC5;MKKS;GPX4;DDX54;PPP2R5A;OLIG1;TRNAU1AP;OLIG2;H2BC17;H2BC18;TTI1;H2BC12;TRAF7;H2BC13;H2BC15;ZNF788P;IRF3;EEF1D;GORASP2;H2BC11;IRF7;SLC25A11;GTF2A2;ATF6B;NXN;BRAT1;CXXC1;TULP3;CSTF2T;MAT2B;FZR1;PARD6A;RBBP5;MKNK2;ZNF746;POLR2J;LRWD1;DES;KANSL3;CARM1;MAB21L2;FSBP;TAF6",NA,NA,NA,NA,1.24e-18,1.96e-16,67.83272979,"ITSN2;ATF2;MAML1;TESK2;SMC5;SMC4;SMC2;ELK4;ZC3H12C;TBK1;PPP4R2;ALKBH1;ZXDC;BBX;NFRKB;PRKAB2;RBFOX1;CSNK2A1;CSNK2A3;RFX3;ZNF12;HCFC1;RUFY1;DEPDC1B;RNF125;PSME4;TYRO3;PRR11;ATF3;MTMR2;CDCA2;CDCA4;CDCA5;MRPL19;VPS26C;NCAPG;BAZ2A;WDR62;ZNF24;PRDM10;C9ORF72;OAZ2;ANAPC11;RAD21;ZSCAN10;PPARGC1A;BARD1;TIPARP;PLK1;IRF2BP2;NR1D2;NR1D1;PHC3;HNRNPL;CS;SQLE;H1-4;MLLT10;HNRNPF;PPT1;REL;RAD17;HBP1;HNRNPC;EZH1;RAD18;EZH2;CDK16;ZNF496;CEP57;PHF3;BTG3;SETD5;CDKN1B;WDR48;GMEB2;PHF1;ADK;MED15;PHF6;PHF8;MED12;MED14;NIPBL;TMSB4X;PBK;NELFCD;DLGAP5;SLC2A14;BRD2;PAWR;SERPINB9;TERF1;SIRT1;DDB2;RNF168;PSMA6;NCOR1;RNF169;PSMA1;INCENP;KIFC1;HEATR5B;MTF2;SINHCAF;WDR26;PHLPP1;SF3B3;CENPA;EXOSC10;BTAF1;SNX27;RNF138;USP1;LINC-PINT;ZNF589;BRD8;STX2;SF3B1;SRSF11;BRD4;SF3A1;CDKN2C;SLC16A1;ATAD5;PCGF5;CSNK1A1;USP9X;ATAD2;RRP1B;HIPK1;SCAF4;GATAD2B;CENPE;ZNF219;SERBP1;RLIM;ZNF217;UBAP1;NCAPD2;PKN2;YPEL5;CENPQ;HSPA1B;CDKN3;HSPA1A;ZNF451;ZNF330;PUS10;CCNT1;GMNN;UBE2D3;CTNND1;ZBTB21;CASC3;MSI2;IPO5;YY1;PPP1CC;SALL4;PIM1;KPNA6;MAEL;NEK2;KPNA4;KMT5A;KPNA2;HMGN3;CSNK1G3;GOLGA8T;KHNYN;IST1;DYRK1A;ZBTB33;CDC25C;CDC25B;PIAS1;GOLGA8H;SNRPG;SNRNP27;SRSF4;PKP4;PHIP;SNRNP200;ZNF675;SNRPA;KPNB1;CSNK1G1;TNKS;CUL3;CREBL2;FOXO4;SAV1;RAD51AP1;ATXN3;SBNO1;HMBOX1;BAG4;MED30;ORC1;ATXN7;BTBD3;UBR5;SAFB2;KHDC4;MCL1;TRAPPC2;EIF2B5;ZBTB16;ZBTB10;FOXN3;FOXN2;BTBD8;NDC80;QKI;MOB1B;ADCY10;MLXIPL;STK24;COPS2;CDK2;PIR;CDK1;CNOT8;RAB5A;PIWIL2;ARHGAP11A;CALCOCO2;PIK3C2A;FOXM1;PAGR1;PTBP1;DUSP10;EXO1;IDH3B;TLK1;TNPO1;RFC1;DIS3;MSL2;ARNT;ZFP91;SMC1A;RANGAP1;RAD23B;MSL1;PTBP3;PTP4A1;MMS22L;ASPM;METTL22;ESPL1;NPC1;SYF2;TRAF6;ZNF516;BIRC5;DSG2;LCORL;BIRC2;GTF2A1;PRKAA2;UHRF2;CARNMT1;NUFIP2;HDAC1;RNF38;LENG8;TTK;PPM1D;C3ORF38;DNAJB1;RBBP4;IGF2BP2;DRAM2;E2F5;H2AZ1;IRX2;FEM1B;CNBP;FOXJ3;DONSON;PNRC2;PRC1;PFKM;CUL4B;PANK4;TCERG1;CCNK;PANK3;ECI2;CCNF;IKZF5;CCAR1;TIAL1;RASSF1;ZNF608;CHEK2;CDC27;CPNE1;PCLAF;FAM53C;RCC1;CPNE3;KAT7;FBXO5;SOX5;ARRDC4;SRRM2;ESCO1;SPACDR;IFRD1;NSMCE2;KNL1;UHMK1;SRRM1;THAP1;NEIL3;XRN1;HECA;DNA2;KIF20A;BCORL1;KIF20B;ANKRA2;CBLL1;DCUN1D3;NMD3;ZBTB5;CDKN2AIP;FXR1;RACGAP1;XRRA1;PCBP1;MIER1;ZNF823;TP53BP2;ZBED6;RBM11;SRPK2;AMMECR1;NTAN1;TRERF1;PTK2;TPX2;STAG2;FUBP1;CREBRF;ANP32E;INTS6;RCOR1;CUTC;TOP2A;INTS12;AHCTF1;SUV39H1;OTUD7B;KIF11;WASL;LARP1B;SCML2;XPO1;DHX15;UBXN7;ARIH1;TMED5;GABPA;H3-3A;PARP1;KIF23;PROX1;KIF22;TUBG1;IGFN1;SUPT3H;DEPDC1;SDE2;G2E3;WAC;DTYMK;STX16;DOT1L;XIAP;TYMS;PCNP;PURB;ATP5F1B;SERTAD2;HSF2;EXOSC9;MARCHF7;GPBP1L1;SHOC2;H2BC9;PTGES3;XPO7;RANBP9;SORBS2;PER1;ITCH;NR6A1;PRKRA;STK17B;TCEA3;CCNG1;TACC3;TRIP10;TCEA1;HDGF;MAD2L1;JADE1;PEBP1;ARID4B;CHCHD2;RGS3;PTTG1;CWC22;MEIOC;TMEM38B;MORC3;PCID2;BORA;ADAM10;UBE4B;LIG3;CDYL;WBP11;RSBN1;HNRNPUL1;PRPF3;WDFY1;SBDS;PLAA;PPIG;ZCCHC8;PSMD10;KLHL15;ARHGAP19;PRPF8;INAVA;VCPIP1;CCNB2;CCNB1;ECT2;BPTF;SPECC1;CCDC134;SMAD4;POU2F1;UBE2C;NONO;DENND4C;ISG15;CLK4;CLK3;CLK1;UBE2W;SEPSECS;NR4A1;DIAPH2;KIF18A;DIAPH3;EIF2S3;KIF18B;NR4A3;SYNDIG1L;UBE2S;UBE2T;JMY;MKRN2;UBA1;BRWD3;RBM27;KDM5C;HP1BP3;HMGB2;C2ORF49;CHD4;LDB2;YBX1;CHD2;USP39;MYSM1;CHD1;UFL1;DBP;ZIC3;GATAD1;PDE4B;TOPBP1;POLH;KDM6A;POLG;NAA30;RBM15;PPP2R5D;PPP2R5C;MASTL;ARID1A;YWHAZ;H2BC18;CCNA2;THRAP3;DPPA2;IRF2;CRY1;SPOPL;FAM72D;EAPP;FAM72C;FAM72B;ITGB3BP;FAM72A;CREB5;POLDIP3;MVP;ABRAXAS2;MAT2B;DBF4B;CLCN3;AURKB;CIART;AURKA;GNA13;RMND5A;TNKS2;MXI1;BNIP1;S1PR1;MAPK6;BUB1;LURAP1;SMNDC1;S100PBP;ATF7IP;TCF7L2;USP25;ATE1;CDK11A;DEK;ARID3B;TICRR;CLCN6;WEE1;TEF;KATNBL1;POLE3;TAF8;ERCC5;NAA16;TAF5;PAXBP1;LPIN1;BNIPL"
"Mitochondrial Ribosome (GO:0005761)",NA,NA,NA,NA,NA,NA,NA,NA,NA,NA,NA,NA,0.000412,0.030751197,74.68500911,"MRPL40;MRPS12;MRPL39;MRPL14;MRPL9",NA,NA,NA,NA,NA,NA,NA,NA
"Systemic lupus erythematosus",NA,NA,NA,NA,NA,NA,NA,NA,NA,NA,NA,NA,1.51e-26,3.39e-24,799.9644808,"H2AC19;H2AC16;H2AC17;H2AC18;H2AC11;H2AC12;H2AC13;H3C15;H3C14;H2BC21;H3C12;H3C10;H4C4;H4C3;H3C4;H3-3A;H3C6;H4C8;H2AC8;H2BC7;H4C9;H2BC8;H2BC5;H2AC7;H2BC6;H2BC4;H2BC17;H2BC18;H2BC12;H2BC13;H2BC15;H4C15;H4C14;H2AC20;H4C12;H2AC21;H2BC11;H4C11",NA,NA,NA,NA,NA,NA,NA,NA
"Alcoholism",NA,NA,NA,NA,NA,NA,NA,NA,NA,NA,NA,NA,4.6e-23,5.16e-21,484.4838098,"ATF6B;HDAC11;H2AC19;H2AC16;H2AC17;H2AC18;H2AC11;H2AC12;H2AC13;H3C15;H3C14;H2BC21;H3C12;H3C10;H4C4;H4C3;H3C4;H3-3A;H3C6;H4C8;H2AC8;H2BC7;H4C9;H2BC8;H2BC5;H2AC7;H2BC6;H2BC4;H2BC17;H2BC18;H2BC12;H2BC13;H2BC15;H4C15;H4C14;H2AC20;H4C12;H2AC21;H2BC11;H4C11",NA,NA,NA,NA,NA,NA,NA,NA
"Neutrophil extracellular trap formation",NA,NA,NA,NA,NA,NA,NA,NA,NA,NA,NA,NA,8.68e-23,6.48e-21,468.8032331,"HDAC11;H2AC19;H2AC16;H2AC17;H2AC18;H2AC11;H2AC12;H2AC13;H3C15;H3C14;H2BC21;H3C12;PLCG2;H3C10;H4C4;H4C3;H3C4;H3-3A;H3C6;H4C8;H2AC8;H2BC7;H4C9;H2BC8;H2BC5;H2AC7;H2BC6;H2BC4;H2BC17;H2BC18;H2BC12;H2BC13;H2BC15;H4C15;H4C14;H2AC20;H4C12;H2AC21;H2BC11;H4C11",NA,NA,NA,NA,NA,NA,NA,NA
"Viral carcinogenesis",NA,NA,NA,NA,NA,NA,NA,NA,NA,NA,NA,NA,1.72e-11,9.6e-10,133.3058582,"GTF2A2;ATF6B;HDAC11;H2BC21;IKBKG;H4C4;H4C3;JAK3;H4C8;H2BC7;H4C9;H2BC8;H2BC5;H2BC6;H2BC4;SCRIB;H2BC17;H2BC18;H2BC12;H2BC13;H2BC15;H4C15;IRF3;H4C14;H4C12;H2BC11;H4C11;IRF7",NA,NA,NA,NA,NA,NA,NA,NA
"Necroptosis",NA,NA,NA,NA,NA,NA,NA,NA,NA,NA,NA,NA,9.15e-05,0.004097391,31.88628022,"RNF31;H2AC8;H2AC7;USP21;H2AC19;H2AC16;H2AC17;H2AC18;H2AC11;H2AC12;H2AC13;H2AC20;H2AC21;GLUL;JAK3",NA,NA,NA,NA,NA,NA,NA,NA
"Shigellosis",NA,NA,NA,NA,NA,NA,NA,NA,NA,NA,NA,NA,0.001275714,0.04762667,16.26825099,"RNF31;ILK;FOXO4;H3C15;IRF3;H3C14;H3C12;PLCG2;H3C10;IKBKG;ARHGEF2;TAB1;H3C4;H3-3A;BCAR1;H3C6;ARF6",NA,NA,NA,NA,NA,NA,NA,NA
"MHC Class II Protein Complex (GO:0042613)",NA,NA,NA,NA,NA,NA,NA,NA,NA,NA,NA,NA,9.75e-06,0.002124749,200.617316,"CD74;HLA-DMA;HLA-DMB;HLA-DRA;HLA-DRB1;HLA-DPA1",NA,NA,NA,NA,NA,NA,NA,NA
"MHC Protein Complex (GO:0042611)",NA,NA,NA,NA,NA,NA,NA,NA,NA,NA,NA,NA,8.73e-05,0.009511903,97.47270781,"CD74;HLA-DMA;HLA-DMB;HLA-DRA;HLA-DRB1;HLA-DPA1",NA,NA,NA,NA,NA,NA,NA,NA
"Intracellular Organelle Lumen (GO:0070013)",NA,NA,NA,NA,NA,NA,NA,NA,NA,NA,NA,NA,NA,NA,NA,NA,0.000966,0.034784425,21.87302335,"COL1A1;BCAN;COL1A2;MMP16;PSMC3;MTHFD2;LUM;ECI1;GOT2;BGN;COL6A3;DLST",NA,NA,NA,NA
"Golgi Lumen (GO:0005796)",NA,NA,NA,NA,NA,NA,NA,NA,NA,NA,NA,NA,NA,NA,NA,NA,0.001483293,0.035599043,57.18359474,"BCAN;MMP16;LUM;BGN",NA,NA,NA,NA
"ECM-receptor interaction",NA,NA,NA,NA,NA,NA,NA,NA,NA,NA,NA,NA,NA,NA,NA,NA,4.65e-06,0.000558,193.5652597,"COL1A1;COL1A2;ITGA4;ITGA11;COL6A3;THBS4",NA,NA,NA,NA
"DNA replication",NA,NA,NA,NA,NA,NA,NA,NA,NA,NA,NA,NA,NA,NA,NA,NA,2.83e-05,0.001444442,276.7127563,"RFC5;RNASEH2A;POLD1;MCM5",NA,NA,NA,NA
"Human papillomavirus infection",NA,NA,NA,NA,NA,NA,NA,NA,NA,NA,NA,NA,NA,NA,NA,NA,3.61e-05,0.001444442,62.89827776,"MAGI1;COL1A1;COL1A2;ITGA4;ITGA11;EIF4EBP1;COL6A3;THBS4;HES5",NA,NA,NA,NA
"PI3K-Akt signaling pathway",NA,NA,NA,NA,NA,NA,NA,NA,NA,NA,NA,NA,NA,NA,NA,NA,6.07e-05,0.001821246,55.65823785,"MAGI1;COL1A1;COL1A2;ITGA4;ITGA11;EIF4EBP1;IGF2;COL6A3;THBS4",NA,NA,NA,NA
"Focal adhesion",NA,NA,NA,NA,NA,NA,NA,NA,NA,NA,NA,NA,NA,NA,NA,NA,0.000467,0.011215964,50.54266135,"COL1A1;COL1A2;ITGA4;ITGA11;COL6A3;THBS4",NA,NA,NA,NA
"AGE-RAGE signaling pathway in diabetic complications",NA,NA,NA,NA,NA,NA,NA,NA,NA,NA,NA,NA,NA,NA,NA,NA,0.001483293,0.02966587,57.18359474,"COL1A1;VCAM1;COL1A2;SERPINE1",NA,NA,NA,NA
"DNA Replication (GO:0006260)",NA,NA,NA,NA,NA,NA,NA,NA,NA,NA,NA,NA,NA,NA,NA,NA,2.94e-05,0.023142119,163.6262543,"RFC5;BLM;RNASEH2A;POLD1;MCM5",NA,NA,NA,NA
"Regulation Of Epithelial Cell Differentiation (GO:0030856)",NA,NA,NA,NA,NA,NA,NA,NA,NA,NA,NA,NA,NA,NA,NA,NA,8.82e-05,0.034724869,390.8478036,"PRKX;CD24;DLL1",NA,NA,NA,NA
"Astrocyte Differentiation (GO:0048708)",NA,NA,NA,NA,NA,NA,NA,NA,NA,NA,NA,NA,NA,NA,NA,NA,0.000235,0.046311077,1154.460936,"DLL1;HES5",NA,NA,NA,NA
"Regulation Of Superoxide Metabolic Process (GO:0090322)",NA,NA,NA,NA,NA,NA,NA,NA,NA,NA,NA,NA,NA,NA,NA,NA,0.000235,0.046311077,1154.460936,"BST1;FBLN5",NA,NA,NA,NA
"DNA-templated DNA Replication (GO:0006261)",NA,NA,NA,NA,NA,NA,NA,NA,NA,NA,NA,NA,NA,NA,NA,NA,0.000367,0.049414595,102.7218462,"RFC5;BLM;POLD1;MCM5",NA,NA,NA,NA
"Regulation Of Cell Differentiation (GO:0045595)",NA,NA,NA,NA,NA,NA,NA,NA,NA,NA,NA,NA,NA,NA,NA,NA,0.000377,0.049414595,54.20807866,"IGF2;AKR1B1;CCN2;CD24;DLL1;HES5",NA,NA,NA,NA
"Extracellular Matrix Organization (GO:0030198)",NA,NA,NA,NA,NA,NA,NA,NA,NA,NA,NA,NA,NA,NA,NA,NA,NA,NA,NA,NA,6.08e-08,0.00021,49.53561896,"COL15A1;COL16A1;ECM2;COL13A1;COL14A1;COL11A2;SCX;NID1;NID2;LOXL1;ADAMTS10;LOXL2;ADAMTS4;ADAMTS15;ADAMTS5;ADAMTS2;FLRT2;CTSK;HAS3;HAS2;POSTN;LUM;MMP2;COL23A1;NPNT;COL1A1;GREM1;SMOC2;MMP14;COL3A1;COL1A2;LOX;COL5A3;SMOC1;COL8A2;MMP19;ADAM8;COL9A2;TGFBI"
"Regulation Of Pathway-Restricted SMAD Protein Phosphorylation (GO:0060393)",NA,NA,NA,NA,NA,NA,NA,NA,NA,NA,NA,NA,NA,NA,NA,NA,NA,NA,NA,NA,6.86e-07,0.001184522,66.81321573,"ACVRL1;GDF10;BMPR2;LRP1;TGFB3;HFE;LDLRAD4;INHBA;BMP6;TGFBR2;SMAD7;GREM1;BMP3;BMP2;BMPER;PMEPA1;EMILIN1;INHA;ENG"
"Extracellular Structure Organization (GO:0043062)",NA,NA,NA,NA,NA,NA,NA,NA,NA,NA,NA,NA,NA,NA,NA,NA,NA,NA,NA,NA,7.2e-06,0.007373254,36.7177215,"COL15A1;COL16A1;ECM2;COL13A1;COL14A1;ADAMTS10;ADAMTS4;ADAMTS15;ADAMTS5;ADAMTS2;POSTN;MMP2;COL23A1;NPNT;COL1A1;SMOC2;MMP14;COL3A1;COL1A2;COL5A3;SMOC1;COL8A2;MMP19;COL9A2;TGFBI"
"External Encapsulating Structure Organization (GO:0045229)",NA,NA,NA,NA,NA,NA,NA,NA,NA,NA,NA,NA,NA,NA,NA,NA,NA,NA,NA,NA,8.54e-06,0.007373254,35.75889794,"COL15A1;COL16A1;ECM2;COL13A1;COL14A1;ADAMTS10;ADAMTS4;ADAMTS15;ADAMTS5;ADAMTS2;POSTN;MMP2;COL23A1;NPNT;COL1A1;SMOC2;MMP14;COL3A1;COL1A2;COL5A3;SMOC1;COL8A2;MMP19;COL9A2;TGFBI"
"Collagen Fibril Organization (GO:0030199)",NA,NA,NA,NA,NA,NA,NA,NA,NA,NA,NA,NA,NA,NA,NA,NA,NA,NA,NA,NA,4.23e-05,0.029219095,46.85121529,"COL14A1;LUM;COL11A2;SCX;LOXL1;LOXL2;COL1A1;GREM1;ADAMTS2;COL3A1;COL1A2;LOX;COL5A3"
"Negative Regulation Of Pathway-Restricted SMAD Protein Phosphorylation (GO:0060394)",NA,NA,NA,NA,NA,NA,NA,NA,NA,NA,NA,NA,NA,NA,NA,NA,NA,NA,NA,NA,7.25e-05,0.04168586,148.0142454,"GREM1;LRP1;PMEPA1;EMILIN1;LDLRAD4;SMAD7"
"Skeletal System Development (GO:0001501)",NA,NA,NA,NA,NA,NA,NA,NA,NA,NA,NA,NA,NA,NA,NA,NA,NA,NA,NA,NA,0.000102,0.046320602,22.14337517,"COL13A1;HHIP;ANKRD11;COL11A2;STC1;PRELP;ETS2;PTHLH;ADAMTS4;ANKH;ARSL;FRZB;ALX4;NKX3-2;GDF10;IGF1;BMP6;RFLNA;SULF2;COL1A1;BMP3;BMP2;MMP14;COL1A2;OGN;COL9A2;INHA;FBN1"
"Cardiac Muscle Cell Action Potential (GO:0086001)",NA,NA,NA,NA,NA,NA,NA,NA,NA,NA,NA,NA,NA,NA,NA,NA,NA,NA,NA,NA,0.000118,0.046320602,49.3581371,"KCND3;KCNIP2;CACNA2D1;CACNA1D;CACNA1C;SLC4A3;FGF12;KCNJ2;HCN2;SCN2B"
"Cardiac Conduction (GO:0061337)",NA,NA,NA,NA,NA,NA,NA,NA,NA,NA,NA,NA,NA,NA,NA,NA,NA,NA,NA,NA,0.000121,0.046320602,36.87714798,"SPTBN4;KCNJ5;KCNE4;KCND3;CACNA2D1;CACNA1D;CACNA1C;SLC4A3;KCNJ2;HCN2;KCNJ3;HCN1;SCN2B"
"Mitotic Sister Chromatid Segregation (GO:0000070)",NA,NA,NA,NA,NA,NA,NA,NA,NA,NA,NA,NA,NA,NA,NA,NA,NA,NA,NA,NA,6.41e-19,2.13e-15,308.376488,"CDCA5;CUL3;KIF14;CDCA8;NCAPG;ABRAXAS2;KIF11;SMC4;SMC2;CCNB1;CDC23;CHEK2;NUSAP1;KMT5A;CEP55;DLGAP5;PDCD6IP;SPAG5;BOD1;PLK1;KIF23;KIF22;SMC1A;TUBG1;KNSTRN;NDC80;MZT1;SGO1;TPX2;WRAP73;CENPE;KIF18A;KIF18B;STAG2;ESPL1;KIF2A;KIFC1;PRC1;KIF2C;NCAPD2;LSM14A;KPNB1"
"Mitotic Spindle Organization (GO:0007052)",NA,NA,NA,NA,NA,NA,NA,NA,NA,NA,NA,NA,NA,NA,NA,NA,NA,NA,NA,NA,2.6e-18,4.31e-15,358.7492716,"GPSM2;TNKS;CDCA8;ABRAXAS2;TTK;KIF11;WDR62;AURKC;AURKB;AURKA;CCNB1;CHEK2;NUF2;RCC1;DLGAP5;STIL;PLK1;KIF23;SMC1A;TUBG1;CKAP5;MZT1;NDC80;WRAP73;CENPE;TPX2;STAG2;KIF2A;INCENP;KIFC1;PRC1;KIF4A;SBDS;BIRC5;LSM14A;KPNB1"
"Microtubule Cytoskeleton Organization Involved In Mitosis (GO:1902850)",NA,NA,NA,NA,NA,NA,NA,NA,NA,NA,NA,NA,NA,NA,NA,NA,NA,NA,NA,NA,3.94e-16,4.36e-13,384.6983395,"GPSM2;TNKS;CDCA8;TTK;KIF11;WDR62;AURKC;AURKB;CCNB1;NUF2;NUSAP1;RCC1;DLGAP5;STIL;PLK1;TUBG1;CKAP5;NDC80;CENPE;ESPL1;KIF2A;INCENP;KIF4A;SBDS;CDK1;TACC3;BIRC5;KPNB1"
"Positive Regulation Of Cell Cycle Process (GO:0090068)",NA,NA,NA,NA,NA,NA,NA,NA,NA,NA,NA,NA,NA,NA,NA,NA,NA,NA,NA,NA,1.39e-14,1.15e-11,182.6983484,"GPSM2;CUL3;KIF14;CDCA8;NCAPG;SMC5;DBF4B;SMC4;AURKC;AURKB;SMC2;AURKA;RACGAP1;RAD21;NUSAP1;ECT2;E2F8;PLK4;PCID2;STIL;SPAG5;EGF;KIF23;NDC80;CDC25B;CIT;DBF4;RRM2B;INCENP;SASS6;BIRC5;PHIP;PKP4;NCAPD2;PKN2;KIF20B;RAD18;MAD2L1"
"Mitotic Spindle Assembly (GO:0090307)",NA,NA,NA,NA,NA,NA,NA,NA,NA,NA,NA,NA,NA,NA,NA,NA,NA,NA,NA,NA,1.69e-12,1.12e-09,295.9840825,"CDCA8;ABRAXAS2;KIF23;KIF11;SMC1A;AURKC;AURKB;MZT1;TPX2;WRAP73;STAG2;RACGAP1;KIF2A;INCENP;KIFC1;PRC1;CHEK2;KIF4A;BIRC5;LSM14A;KPNB1"
"Positive Regulation Of Mitotic Sister Chromatid Separation (GO:1901970)",NA,NA,NA,NA,NA,NA,NA,NA,NA,NA,NA,NA,NA,NA,NA,NA,NA,NA,NA,NA,1.79e-11,9.9e-09,1178.119748,"CDC20;CDC23;ESPL1;UBE2C;INCENP;CUL3;NSMCE2;CDC16;CDCA8;BIRC5;AURKB;DLGAP5"
"Mitotic Cell Cycle Phase Transition (GO:0044772)",NA,NA,NA,NA,NA,NA,NA,NA,NA,NA,NA,NA,NA,NA,NA,NA,NA,NA,NA,NA,2.21e-10,1.05e-07,103.3727419,"TRIM71;CDKN1B;CUL3;CCNF;FOXM1;PHF8;AURKA;CCNB2;CCNB1;CDC23;CHEK2;CDC27;RCC1;PIM2;UBE2C;PLK1;CDC25C;MASTL;CDC25B;CCNA2;WEE1;MELK;DBF4;UBE2S;CDK2;CCNG1;CDK1;TACC3;CACUL1;CDKN3;CUL4B"
"Metaphase Plate Congression (GO:0051310)",NA,NA,NA,NA,NA,NA,NA,NA,NA,NA,NA,NA,NA,NA,NA,NA,NA,NA,NA,NA,4.6e-10,1.91e-07,165.6879093,"PDCD6IP;BOD1;CDCA5;CUL3;KIF14;CDCA8;KIF22;GEM;NDC80;CENPE;CCNB1;KIF18A;CDC23;INCENP;KIFC1;KIF2C;FAM83D;CENPQ;CEP55;KPNB1"
"Mitotic Cytokinesis (GO:0000281)",NA,NA,NA,NA,NA,NA,NA,NA,NA,NA,NA,NA,NA,NA,NA,NA,NA,NA,NA,NA,1.39e-09,5.13e-07,134.6708415,"PDCD6IP;EXOC8;ROCK1;PLK1;CKAP2;CDCA8;KIF23;CENPA;AURKB;CIT;ANLN;ESPL1;RACGAP1;INCENP;KIF4A;NUSAP1;EXOC4;BIRC5;KIF20A;ECT2;CEP55"
"Positive Regulation Of Mitotic Cell Cycle Phase Transition (GO:1901992)",NA,NA,NA,NA,NA,NA,NA,NA,NA,NA,NA,NA,NA,NA,NA,NA,NA,NA,NA,NA,5.45e-09,1.81e-06,113.6480975,"STIL;UBE2C;CDCA5;CUL3;NSMCE2;RDX;DBF4B;CDC25C;CDC25B;ANAPC11;CDC20;CCNB1;CDC23;ESPL1;RRM2B;CDC16;CDK1;SASS6;FBXO5;DLGAP5;BRD4"
"Mitotic Metaphase Plate Congression (GO:0007080)",NA,NA,NA,NA,NA,NA,NA,NA,NA,NA,NA,NA,NA,NA,NA,NA,NA,NA,NA,NA,1.69e-08,5.09e-06,120.0965651,"PDCD6IP;BOD1;CDCA5;CUL3;KIF14;CDCA8;KIF22;NDC80;CENPC;CENPE;CCNB1;KIF18A;CDC23;KIFC1;NUF2;KIF2C;CEP55;KPNB1"
"Regulation Of Mitotic Cell Cycle (GO:0007346)",NA,NA,NA,NA,NA,NA,NA,NA,NA,NA,NA,NA,NA,NA,NA,NA,NA,NA,NA,NA,2.1e-08,5.82e-06,66.88356213,"BTG3;CDCA2;CDKN1B;GMNN;ANAPC11;CKS1B;AURKA;CDC20;CCNB1;CDC23;CDC27;RCC1;NEK2;PIM3;FBXO5;PIM2;DLGAP5;CDK11A;BORA;PLK1;CDC25C;SIRT1;CDC25B;THAP1;CDC16;CKS2;HECA;PKN2;KIF20B;MAD2L1"
"Mitotic Spindle Elongation (GO:0000022)",NA,NA,NA,NA,NA,NA,NA,NA,NA,NA,NA,NA,NA,NA,NA,NA,NA,NA,NA,NA,5.28e-08,1.21e-05,795.7146854,"RACGAP1;INCENP;PRC1;KIF4A;BIRC5;CDCA8;KIF23;AURKC"
"Mitotic Spindle Midzone Assembly (GO:0051256)",NA,NA,NA,NA,NA,NA,NA,NA,NA,NA,NA,NA,NA,NA,NA,NA,NA,NA,NA,NA,5.28e-08,1.21e-05,795.7146854,"RACGAP1;INCENP;PRC1;KIF4A;BIRC5;CDCA8;KIF23;AURKC"
"Regulation Of Cell Cycle Process (GO:0010564)",NA,NA,NA,NA,NA,NA,NA,NA,NA,NA,NA,NA,NA,NA,NA,NA,NA,NA,NA,NA,5.45e-08,1.21e-05,60.09944924,"AHCTF1;CDCA2;DCUN1D3;CCP110;TXLNG;KIF11;DBF4B;AURKC;AURKB;AURKA;RACGAP1;RCC1;NEK2;FBXO5;ARID2;ECT2;BUB1;BORA;SPAG5;PLK1;CDC25C;PUM1;ARID1A;KNSTRN;DBF4;PRC1;KIF2C;KIF20A;CEP85;KIF20B"
"Regulation Of Cell Cycle (GO:0051726)",NA,NA,NA,NA,NA,NA,NA,NA,NA,NA,NA,NA,NA,NA,NA,NA,NA,NA,NA,NA,8.26e-08,1.71e-05,40.57001171,"CDKN1B;SUV39H1;CCNF;GMNN;JADE1;FOXM1;CKS1B;CDC20;YY1;CDC23;CDC27;PCLAF;KAT7;PIM3;FBXO5;PIM2;NFRKB;DLGAP5;PHACTR4;PROX1;MASTL;SIRT1;HCFC1;THAP1;UHMK1;MORF4L1;MORF4L2;CKS2;KIF20B;PRR11;BIRC2;UHRF2;DCUN1D3;TXLNG;XIAP;LIN9;ANAPC11;TP53BP2;MBIP;BRD8;BARD1;SRPK2;DR1;CDK11A;PLK1;PUM1;NR4A1;ZZZ3;CDC16;HBP1;CDKN3"
"Sister Chromatid Segregation (GO:0000819)",NA,NA,NA,NA,NA,NA,NA,NA,NA,NA,NA,NA,NA,NA,NA,NA,NA,NA,NA,NA,9.21e-08,1.8e-05,135.0231709,"TOP2A;SPAG5;PLK1;SMC1A;TUBG1;SMC4;KNSTRN;NDC80;SGO1;KIF18A;KIF18B;ESPL1;KIFC1;NUSAP1"
"Mitotic Nuclear Division (GO:0140014)",NA,NA,NA,NA,NA,NA,NA,NA,NA,NA,NA,NA,NA,NA,NA,NA,NA,NA,NA,NA,1.29e-07,2.37e-05,104.3055578,"SPAG5;UBE2C;NDE1;PLK1;SMC1A;TUBG1;SMC4;KNSTRN;NDC80;SGO1;KIF18A;KIF18B;ESPL1;KIFC1;UBE2S;NUSAP1"
"Cytoskeleton-Dependent Cytokinesis (GO:0061640)",NA,NA,NA,NA,NA,NA,NA,NA,NA,NA,NA,NA,NA,NA,NA,NA,NA,NA,NA,NA,1.55e-07,2.7e-05,69.83932775,"PDCD6IP;EXOC8;ROCK1;IST1;PLK1;CKAP2;CDCA8;KIF23;CENPA;AURKB;CIT;ANLN;ESPL1;RACGAP1;INCENP;KIF4A;NUSAP1;EXOC4;BIRC5;KIF20A;ECT2;CEP55"
"Positive Regulation Of Metaphase/Anaphase Transition Of Cell Cycle (GO:1902101)",NA,NA,NA,NA,NA,NA,NA,NA,NA,NA,NA,NA,NA,NA,NA,NA,NA,NA,NA,NA,1.8e-07,2.85e-05,491.5770903,"CDC20;CDC23;ESPL1;UBE2C;CUL3;CDC16;NSMCE2;DLGAP5"
"Positive Regulation Of Mitotic Metaphase/Anaphase Transition (GO:0045842)",NA,NA,NA,NA,NA,NA,NA,NA,NA,NA,NA,NA,NA,NA,NA,NA,NA,NA,NA,NA,1.8e-07,2.85e-05,491.5770903,"CDC20;CDC23;ESPL1;UBE2C;CUL3;CDC16;NSMCE2;DLGAP5"
"Positive Regulation Of Cytokinesis (GO:0032467)",NA,NA,NA,NA,NA,NA,NA,NA,NA,NA,NA,NA,NA,NA,NA,NA,NA,NA,NA,NA,6.88e-07,0.000104,94.58506686,"CUL3;KIF14;CDCA8;KIF23;AURKC;CDC25B;CIT;RACGAP1;INCENP;BIRC5;PKN2;PKP4;ECT2;KIF20B"
"Cell Cycle G2/M Phase Transition (GO:0044839)",NA,NA,NA,NA,NA,NA,NA,NA,NA,NA,NA,NA,NA,NA,NA,NA,NA,NA,NA,NA,9.82e-07,0.000142,88.65766916,"PLK1;FOXM1;CDC25C;MASTL;AURKB;AURKA;CDC25B;CCNA2;CCNB1;WEE1;MELK;CHEK2;CDK2;CDK1"
"Protein Ubiquitination (GO:0016567)",NA,NA,NA,NA,NA,NA,NA,NA,NA,NA,NA,NA,NA,NA,NA,NA,NA,NA,NA,NA,1.23e-06,0.00017,27.87168695,"TRIM71;RNF11;UBE2D3;CCNF;CCAR1;HERC4;RNF19A;ARIH1;TRIM23;ARRDC4;RNF44;MSL2;RC3H1;TRAF2;UBE4B;SIRT1;PJA2;DDB2;RNF168;DEPDC1B;RNF125;UBE2R2;GAN;TRAF6;SDE2;CBLL1;BIRC2;TRIM11;UHRF2;TNKS;CUL3;PELI2;RNF38;CBL;ANAPC11;PCNP;VCPIP1;RMND5A;RNF139;TNKS2;RNF138;UBR5;MARCHF7;BARD1;USP9X;UBE2C;PLK1;WWP1;ISG15;FANCB;KLHL24;MIB1;UBE2W;ITCH;UBE2S;UBE2T;RLIM;MKRN2;UBA1;FBXL5;RAD18;CUL4B;ASB1"
"Response To UV-C (GO:0010225)",NA,NA,NA,NA,NA,NA,NA,NA,NA,NA,NA,NA,NA,NA,NA,NA,NA,NA,NA,NA,1.46e-06,0.000194,955.7739777,"YY1;DCUN1D3;ST20;ERCC5;MAP3K4;POLH"
"Establishment Of Chromosome Localization (GO:0051303)",NA,NA,NA,NA,NA,NA,NA,NA,NA,NA,NA,NA,NA,NA,NA,NA,NA,NA,NA,NA,2.65e-06,0.000339,203.21521,"INCENP;NDE1;KIF2C;KIF22;FAM83D;CENPQ;GEM;NDC80"
"Regulation Of Mitotic Metaphase/Anaphase Transition (GO:0030071)",NA,NA,NA,NA,NA,NA,NA,NA,NA,NA,NA,NA,NA,NA,NA,NA,NA,NA,NA,NA,2.82e-06,0.000346,67.12180638,"UBE2C;CUL3;NSMCE2;PLK1;ARID1A;ANAPC11;CDC20;CENPE;CCNB1;CDC23;ESPL1;CDC16;FBXO5;ARID2;DLGAP5"
"G2/M Transition Of Mitotic Cell Cycle (GO:0000086)",NA,NA,NA,NA,NA,NA,NA,NA,NA,NA,NA,NA,NA,NA,NA,NA,NA,NA,NA,NA,3.22e-06,0.000382,78.22387939,"PLK1;FOXM1;CDC25C;MASTL;AURKA;CDC25B;CCNA2;CCNB1;WEE1;MELK;CHEK2;CDK2;CDK1"
"Regulation Of Chromosome Segregation (GO:0051983)",NA,NA,NA,NA,NA,NA,NA,NA,NA,NA,NA,NA,NA,NA,NA,NA,NA,NA,NA,NA,3.91e-06,0.000447,95.76719932,"CDCA2;CSNK2A1;NCAPG;SMC5;KIF2C;NCAPD2;PUM1;SMC4;BUB1;RAD18;SMC2"
"Regulation Of Mitotic Spindle Organization (GO:0060236)",NA,NA,NA,NA,NA,NA,NA,NA,NA,NA,NA,NA,NA,NA,NA,NA,NA,NA,NA,NA,4.49e-06,0.000497,73.2390087,"GPSM2;STIL;BORA;PDCD6IP;PLK1;CCSAP;GNAI1;TPX2;SASS6;TACC3;CEP97;HSPA1B;HSPA1A"
"Ubiquitin-Dependent Protein Catabolic Process (GO:0006511)",NA,NA,NA,NA,NA,NA,NA,NA,NA,NA,NA,NA,NA,NA,NA,NA,NA,NA,NA,NA,4.65e-06,0.000498,25.47996556,"TRIM71;RNF11;UBE2D3;KIF14;OTUD7B;CCAR1;HERC4;CDC23;RNF19A;UBXN7;ARIH1;RC3H1;UBE4B;PPP2R5C;SIRT1;RAD23B;PJA2;RNF168;PSMA6;RNF125;PSMA1;UBE2R2;PELI1;PLAA;SPOPL;BIRC2;WDR26;KLHL15;CUL3;CBL;ANAPC11;PCNP;ATXN3;C18ORF25;RMND5A;HECTD3;FEM1C;DCAF11;ATE1;CSNK1A1;USP9X;UBE2C;FEM1B;WWP1;NTAN1;MIB1;UBE2W;ITCH;GID4;UBE2S;RLIM;MKRN2;UBAP1;UBA1"
"Mitotic Chromosome Condensation (GO:0007076)",NA,NA,NA,NA,NA,NA,NA,NA,NA,NA,NA,NA,NA,NA,NA,NA,NA,NA,NA,NA,5.29e-06,0.000549,164.80213,"CDCA5;PLK1;NUSAP1;NCAPG;NCAPD2;KMT5A;SMC4;SMC2"
"Positive Regulation Of Mitotic Nuclear Division (GO:0045840)",NA,NA,NA,NA,NA,NA,NA,NA,NA,NA,NA,NA,NA,NA,NA,NA,NA,NA,NA,NA,7.5e-06,0.000755,73.19580933,"CDC20;CDC23;ESPL1;EGF;UBE2C;CUL3;NSMCE2;CDC16;NUSAP1;PHIP;DLGAP5;AURKA"
"Negative Regulation Of Telomere Maintenance Via Telomere Lengthening (GO:1904357)",NA,NA,NA,NA,NA,NA,NA,NA,NA,NA,NA,NA,NA,NA,NA,NA,NA,NA,NA,NA,8.96e-06,0.000875,92.04571047,"PIF1;EXOSC10;TNKS2;PARP1;XRN1;TNKS;POT1;HNRNPC;TERF1;DCP2"
"Nuclear Chromosome Segregation (GO:0098813)",NA,NA,NA,NA,NA,NA,NA,NA,NA,NA,NA,NA,NA,NA,NA,NA,NA,NA,NA,NA,9.85e-06,0.000935,136.8111944,"TOP2A;INCENP;KIF2C;KIF22;FAM83D;CENPQ;GEM;NDC80"
"Spindle Assembly (GO:0051225)",NA,NA,NA,NA,NA,NA,NA,NA,NA,NA,NA,NA,NA,NA,NA,NA,NA,NA,NA,NA,1.13e-05,0.001042052,41.60222023,"GOLGA8T;TNKS;HAUS4;ABRAXAS2;KIF11;SMC1A;MZT1;WRAP73;TPX2;NCOR1;STAG2;KIF2A;KIFC1;CHEK2;GOLGA8H;RCC1;NEK2;LSM14A;KPNB1"
"Anaphase-Promoting Complex-Dependent Catabolic Process (GO:0031145)",NA,NA,NA,NA,NA,NA,NA,NA,NA,NA,NA,NA,NA,NA,NA,NA,NA,NA,NA,NA,1.3e-05,0.00116816,100.1739148,"CDC20;CDC23;UBE2C;UBE2S;CUL3;CDC16;CDC27;ECRG4;ANAPC11"
"Regulation Of Attachment Of Spindle Microtubules To Kinetochore (GO:0051988)",NA,NA,NA,NA,NA,NA,NA,NA,NA,NA,NA,NA,NA,NA,NA,NA,NA,NA,NA,NA,1.53e-05,0.001337747,262.8986251,"CCNB1;RACGAP1;SPAG5;NEK2;ECT2;KNSTRN"
"Mitotic DNA Damage Checkpoint Signaling (GO:0044773)",NA,NA,NA,NA,NA,NA,NA,NA,NA,NA,NA,NA,NA,NA,NA,NA,NA,NA,NA,NA,1.73e-05,0.001439288,47.74738169,"ATF2;PLK1;DONSON;FOXN3;TICRR;RINT1;DEPDC1B;EME1;CHEK2;CDK2;SDE2;WAC;CDK1;RAD17;TOPBP1"
"Regulation Of Mitotic Cell Cycle Spindle Assembly Checkpoint (GO:0090266)",NA,NA,NA,NA,NA,NA,NA,NA,NA,NA,NA,NA,NA,NA,NA,NA,NA,NA,NA,NA,1.73e-05,0.001439288,115.6433861,"PCID2;CCNB1;INCENP;CDCA8;BIRC5;AURKB;NDC80;MAD2L1"
"Positive Regulation Of Chromosome Separation (GO:1905820)",NA,NA,NA,NA,NA,NA,NA,NA,NA,NA,NA,NA,NA,NA,NA,NA,NA,NA,NA,NA,1.96e-05,0.001589262,149.9955621,"INCENP;CDCA8;NCAPG;BIRC5;NCAPD2;SMC4;SMC2"
"Regulation Of Telomere Maintenance Via Telomerase (GO:0032210)",NA,NA,NA,NA,NA,NA,NA,NA,NA,NA,NA,NA,NA,NA,NA,NA,NA,NA,NA,NA,2.42e-05,0.001914274,47.83920776,"PIF1;TNKS;TERF1;AURKB;HMBOX1;EXOSC10;XRN1;TNKS2;POT1;NEK2;HNRNPC;MAP3K4;DCP2;CCT4"
"Regulation Of DNA Metabolic Process (GO:0051052)",NA,NA,NA,NA,NA,NA,NA,NA,NA,NA,NA,NA,NA,NA,NA,NA,NA,NA,NA,NA,2.8e-05,0.002145188,30.01948163,"BARD1;PIF1;SF3B3;ESCO1;GMNN;NSMCE2;JADE1;SMC5;BAZ2A;SUPT3H;YY1;CCNA2;DEPDC1B;ATXN7;ORC3;POLE3;USP1;KAT7;FBXO5;SUPT20H;TAF5;KPNA2;NFRKB;POLH"
"Negative Regulation Of Mitotic Metaphase/Anaphase Transition (GO:0045841)",NA,NA,NA,NA,NA,NA,NA,NA,NA,NA,NA,NA,NA,NA,NA,NA,NA,NA,NA,NA,2.89e-05,0.002145188,68.95337644,"CDC20;NUF2;PLK1;BUB1B;TTK;BUB3;FBXO5;BUB1;NDC80;MAD2L1"
"Positive Regulation Of Chromosome Segregation (GO:0051984)",NA,NA,NA,NA,NA,NA,NA,NA,NA,NA,NA,NA,NA,NA,NA,NA,NA,NA,NA,NA,2.91e-05,0.002145188,99.16664279,"CCNB1;CDK1;NCAPG;SMC5;NCAPD2;SMC4;RAD18;SMC2"
"Regulation Of Cytokinesis (GO:0032465)",NA,NA,NA,NA,NA,NA,NA,NA,NA,NA,NA,NA,NA,NA,NA,NA,NA,NA,NA,NA,3.48e-05,0.002513478,35.49508676,"CUL3;PLK1;KIF14;CCP110;KIF23;AURKC;AURKB;CDC25B;CIT;AURKA;RACGAP1;PRC1;PKP4;PKN2;KIF20A;KIF20B;ECT2;E2F8"
"Kinetochore Organization (GO:0051383)",NA,NA,NA,NA,NA,NA,NA,NA,NA,NA,NA,NA,NA,NA,NA,NA,NA,NA,NA,NA,3.57e-05,0.002524517,182.090011,"CENPE;CENPW;NPC1;NUF2;DLGAP5;CENPC"
"Proteasome-Mediated Ubiquitin-Dependent Protein Catabolic Process (GO:0043161)",NA,NA,NA,NA,NA,NA,NA,NA,NA,NA,NA,NA,NA,NA,NA,NA,NA,NA,NA,NA,3.83e-05,0.002639264,20.54612358,"TRIM71;WDR26;KLHL15;CUL3;CCNF;UBE2D3;KIF14;ANAPC11;CDC20;PCNP;ATXN3;CDC23;RMND5A;HECTD3;CDC27;UBQLN1;UBXN7;FEM1C;DCAF11;DCAF12;ANKZF1;KLHDC10;CSNK1A1;UBE2C;FEM1B;WWP1;YOD1;UBE4B;PPP2R5C;ECRG4;SIRT1;RAD23B;PJA2;PSMA6;UBE2W;ITCH;GID4;PSMA1;UBE2S;JKAMP;CDC16;PELI1;PLAA;SPOPL;FBXL5;BIRC2"
"Chromatin Remodeling (GO:0006338)",NA,NA,NA,NA,NA,NA,NA,NA,NA,NA,NA,NA,NA,NA,NA,NA,NA,NA,NA,NA,3.89e-05,0.002639264,22.77911241,"KDM5C;HDAC1;PHF1;SATB2;HP1BP3;BAZ2A;CHD4;CHD2;CHD1;MYSM1;YY1;RBBP4;MIER1;UBR5;GATAD1;ARID2;NFRKB;SF3B1;BPTF;KDM6A;SRPK2;PCID2;DR1;DEK;ARID1A;GATAD2B;HCFC1;RNF168;PER1;DEPDC1B;MTF2;POLE3;WAC;HDGF;HNRNPC;EZH1"
"Proteasomal Protein Catabolic Process (GO:0010498)",NA,NA,NA,NA,NA,NA,NA,NA,NA,NA,NA,NA,NA,NA,NA,NA,NA,NA,NA,NA,4.22e-05,0.002805955,22.79375968,"TRIM71;WDR26;CUL3;UBE2D3;KIF14;PCNP;ATXN3;RMND5A;RNF139;HECTD3;DDI2;UBXN7;FEM1C;DCAF11;ATE1;CSNK1A1;FEM1B;WWP1;UBE4B;NR1D1;PPP2R5C;SIRT1;RAD23B;PJA2;PSMA6;UBE2W;ITCH;GID4;PSMA1;PSME4;PELI1;PLAA;SPOPL;BIRC2;CUL4B"
"Mitotic Sister Chromatid Cohesion (GO:0007064)",NA,NA,NA,NA,NA,NA,NA,NA,NA,NA,NA,NA,NA,NA,NA,NA,NA,NA,NA,NA,4.68e-05,0.003045775,86.04145023,"SGO1;NIPBL;STAG2;ESCO1;NPC1;CDCA5;RAD21;SMC1A"
"Regulation Of DNA Repair (GO:0006282)",NA,NA,NA,NA,NA,NA,NA,NA,NA,NA,NA,NA,NA,NA,NA,NA,NA,NA,NA,NA,5.47e-05,0.003492199,26.75786194,"BARD1;SF3B3;PARP1;CCDC117;DEK;ARID1A;SIRT1;SUPT3H;YY1;RNF168;MORF4L1;DEPDC1B;PPP4R2;ATXN7;MORF4L2;UBR5;USP1;KAT7;SUPT20H;BRD8;TAF5;ARID2;NFRKB;POLH"
"DNA Metabolic Process (GO:0006259)",NA,NA,NA,NA,NA,NA,NA,NA,NA,NA,NA,NA,NA,NA,NA,NA,NA,NA,NA,NA,6.3e-05,0.003946165,19.77926991,"TOP2A;DOT1L;HMGB2;TYMS;YY1;RAD51AP1;ORC6;ORC1;EXO1;ALKBH1;RAD21;ORC3;PCLAF;TOPBP1;KPNA2;NFRKB;POLH;POLG;BARD1;POLQ;TCF7L2;PARP1;PTGES3;CNBP;DONSON;LIG3;TERF1;SMC1A;DDB2;TICRR;NEIL3;RRM2B;UBE2T;PSME4;THAP9;CDK2;POLE3;CDK1;RAD17;ERCC5;DNA2;RAD18"
"Positive Regulation Of Mitotic Cell Cycle Spindle Assembly Checkpoint (GO:0090267)",NA,NA,NA,NA,NA,NA,NA,NA,NA,NA,NA,NA,NA,NA,NA,NA,NA,NA,NA,NA,7.34e-05,0.004431598,135.4231536,"PCID2;INCENP;BIRC5;CDCA8;NDC80;MAD2L1"
"Positive Regulation Of Spindle Checkpoint (GO:0090232)",NA,NA,NA,NA,NA,NA,NA,NA,NA,NA,NA,NA,NA,NA,NA,NA,NA,NA,NA,NA,7.34e-05,0.004431598,135.4231536,"PCID2;INCENP;BIRC5;CDCA8;NDC80;MAD2L1"
"Negative Regulation Of Transferase Activity (GO:0051348)",NA,NA,NA,NA,NA,NA,NA,NA,NA,NA,NA,NA,NA,NA,NA,NA,NA,NA,NA,NA,8.07e-05,0.00474013,47.3650136,"EIF4A2;CDC20;PIF1;CDKN1B;BUB1B;POT1;IRS2;BUB3;FBXO5;TERF1;MAD2L1"
"Nuclear-Transcribed mRNA Catabolic Process (GO:0000956)",NA,NA,NA,NA,NA,NA,NA,NA,NA,NA,NA,NA,NA,NA,NA,NA,NA,NA,NA,NA,8.14e-05,0.00474013,30.12209254,"HBS1L;NBAS;TUT7;TUT4;RC3H1;SMG8;PATL1;PNRC2;PAN2;EXOSC10;XRN1;THRAP3;CNOT1;CSDE1;EXOSC9;CNOT8;DCP1A;DCP2"
"Protein Autoubiquitination (GO:0051865)",NA,NA,NA,NA,NA,NA,NA,NA,NA,NA,NA,NA,NA,NA,NA,NA,NA,NA,NA,NA,9.15e-05,0.005240345,32.18863425,"TRIM71;BARD1;RNF11;UHRF2;CUL3;UBE2D3;TRAF2;KLHL24;DDB2;DEPDC1B;ITCH;TRAF6;UBE2T;MARCHF7;TRIM11;RAD18"
"Mitotic Spindle Assembly Checkpoint Signaling (GO:0007094)",NA,NA,NA,NA,NA,NA,NA,NA,NA,NA,NA,NA,NA,NA,NA,NA,NA,NA,NA,NA,9.67e-05,0.005265087,58.08840154,"CDC20;NUF2;PLK1;BUB1B;TTK;BUB3;BUB1;NDC80;MAD2L1"
"Mitotic Spindle Checkpoint Signaling (GO:0071174)",NA,NA,NA,NA,NA,NA,NA,NA,NA,NA,NA,NA,NA,NA,NA,NA,NA,NA,NA,NA,9.67e-05,0.005265087,58.08840154,"CDC20;NUF2;PLK1;BUB1B;TTK;BUB3;BUB1;NDC80;MAD2L1"
"Spindle Assembly Checkpoint Signaling (GO:0071173)",NA,NA,NA,NA,NA,NA,NA,NA,NA,NA,NA,NA,NA,NA,NA,NA,NA,NA,NA,NA,9.67e-05,0.005265087,58.08840154,"CDC20;NUF2;PLK1;BUB1B;TTK;BUB3;BUB1;NDC80;MAD2L1"
"Regulation Of Cyclin-Dependent Protein Serine/Threonine Kinase Activity (GO:0000079)",NA,NA,NA,NA,NA,NA,NA,NA,NA,NA,NA,NA,NA,NA,NA,NA,NA,NA,NA,NA,0.000103,0.005521816,29.95878315,"PSMD10;CCNK;CDKN1B;CDKN2C;CCNT1;CCNF;PLK1;PROX1;CDC25C;IPO7;IPO5;CCNA2;CCNB2;ADAM17;CCNB1;CCNG1;CDKN3"
"Regulation Of RNA Splicing (GO:0043484)",NA,NA,NA,NA,NA,NA,NA,NA,NA,NA,NA,NA,NA,NA,NA,NA,NA,NA,NA,NA,0.000105,0.005531298,26.61981068,"SRPK2;RBM39;SF3B3;DYRK1A;ILDR2;RRP1B;CLK4;CLK3;QKI;SUPT3H;SRRM1;PTBP3;CLK1;HNRNPL;PTBP1;ATXN7;HNRNPF;CWC22;SUPT20H;HSPA1A"
"Chromosome Condensation (GO:0030261)",NA,NA,NA,NA,NA,NA,NA,NA,NA,NA,NA,NA,NA,NA,NA,NA,NA,NA,NA,NA,0.000107,0.005531298,49.36714001,"TOP2A;H1-4;CDCA5;PLK1;NUSAP1;NCAPG;NCAPD2;KMT5A;SMC4;SMC2"
"Protein Phosphorylation (GO:0006468)",NA,NA,NA,NA,NA,NA,NA,NA,NA,NA,NA,NA,NA,NA,NA,NA,NA,NA,NA,NA,0.000108,0.005532934,15.81869863,"ATF2;CCNT1;MAML1;TESK2;PRKAG2;TBK1;CHEK2;AKT3;PBK;PIM1;TLK1;NEK2;PIM3;PIM2;BRD2;CSNK1G3;MORC3;CSNK2A1;CSNK2A3;DYRK1A;ADAM10;MASTL;YWHAZ;CDC25B;UHMK1;MELK;INCENP;MYO3A;TYRO3;BIRC5;TSSK3;CSNK1G1;PRKAA2;ROCK1;TNKS;CDCA8;TTK;AURKC;AURKB;AURKA;RICTOR;MAPK6;PLK4;SRPK2;CDK11A;CSNK1A1;PLK1;HIPK1;CLK4;PTK2;CLK3;CLK1;STK24;COPS2;STK26;STK17B;CDK2;CDK1;TAF8;PKN2;COQ8A;TAF5;CDK16"
"Non-Membrane-Bounded Organelle Assembly (GO:0140694)",NA,NA,NA,NA,NA,NA,NA,NA,NA,NA,NA,NA,NA,NA,NA,NA,NA,NA,NA,NA,0.000115,0.005800168,23.38041595,"GOLGA8T;CENPW;TNKS;HAUS4;RC3H1;C9ORF72;CENPA;PATL1;CENPC;ATXN2L;FXR1;SQLE;CENPE;ATXN2;NCOR1;NPC1;CAPRIN1;CSDE1;GOLGA8H;RCC1;NEK2;DHX29;LSM14A;DLGAP5"
"Protein Modification By Small Protein Conjugation (GO:0032446)",NA,NA,NA,NA,NA,NA,NA,NA,NA,NA,NA,NA,NA,NA,NA,NA,NA,NA,NA,NA,0.000127,0.006193831,16.73060558,"ZNF451;CCNF;UBE2D3;SMC5;CCAR1;HERC4;UFL1;ARIH1;TRIM23;ARRDC4;RNF44;NSMCE2;MSL2;RANGAP1;SIRT1;PJA2;PIAS1;RNF168;GAN;SDE2;CBLL1;TRIM11;UHRF2;DCUN1D3;CUL3;RNF38;CBL;ANAPC11;PCNP;VCPIP1;RNF139;RNF138;DDRGK1;BARD1;USP9X;UBE2C;PLK1;WWP1;ISG15;KLHL24;MIB1;ITCH;COPS2;RLIM;MKRN2;UBA1;FBXL5;ASB1;CUL4B"
"Response To Leptin (GO:0044321)",NA,NA,NA,NA,NA,NA,NA,NA,NA,NA,NA,NA,NA,NA,NA,NA,NA,NA,NA,NA,0.000132,0.006349037,176.4091161,"NR4A3;LEPR;LRP2;NR1D1;SIRT1"
"Protein Modification Process (GO:0036211)",NA,NA,NA,NA,NA,NA,NA,NA,NA,NA,NA,NA,NA,NA,NA,NA,NA,NA,NA,NA,0.00014,0.006658864,14.12931696,"CCNT1;MAML1;UBE2D3;JADE1;TESK2;PRKAG2;PPP2R2A;PPP1CC;PTAR1;TBK1;PP2D1;PPP4R2;CHEK2;AKT3;PIM1;TLK1;NEK2;PIM3;KAT7;PIM2;SEPHS1;BRD2;CSNK1G3;MORC3;PPP1R12A;CSNK2A1;PPTC7;PARP1;CSNK2A3;DYRK1A;ADAM10;PPP4R3A;PPP2R5D;PPP2R5C;RABGGTB;YWHAZ;CDC25B;CCNA2;MELK;NPC1;INCENP;BIRC5;TSSK3;MTMR2;PRKAA2;ROCK1;WDR45B;FUT10;CDCA8;PPM1J;PPM1D;AURKC;AURKB;MTM1;AURKA;UGCG;FUT5;MAPK6;PLK4;SRPK2;ATE1;USP25;CDK11A;YES1;CSNK1A1;PLK1;OGA;HIPK1;PTK2;CLK3;PDP2;STK24;UBE2S;COPS2;STK26;STK17B;CDK2;CDK1;TAF8;PKN2;COQ8A;TAF5;CDK16"
"Regulation Of mRNA Catabolic Process (GO:0061013)",NA,NA,NA,NA,NA,NA,NA,NA,NA,NA,NA,NA,NA,NA,NA,NA,NA,NA,NA,NA,0.000156,0.007316333,36.74844078,"FXR1;PCID2;CNOT1;CAPRIN1;SERBP1;RC3H1;CASC3;PUM1;CNOT8;GTPBP1;RBM24;DCP2"
"Positive Regulation Of Mitotic Cytokinesis (GO:1903490)",NA,NA,NA,NA,NA,NA,NA,NA,NA,NA,NA,NA,NA,NA,NA,NA,NA,NA,NA,NA,0.000173,0.007996672,410.2110362,"INCENP;BIRC5;CDCA8;KIF20B"
"Positive Regulation Of Protein Deacetylation (GO:0090312)",NA,NA,NA,NA,NA,NA,NA,NA,NA,NA,NA,NA,NA,NA,NA,NA,NA,NA,NA,NA,0.000238,0.010669801,84.77833399,"NIPBL;FNTA;SUV39H1;DYRK1A;BAZ2A;SIRT1"
"Regulation Of G2/M Transition Of Mitotic Cell Cycle (GO:0010389)",NA,NA,NA,NA,NA,NA,NA,NA,NA,NA,NA,NA,NA,NA,NA,NA,NA,NA,NA,NA,0.000244,0.010792816,39.49507144,"CCNB1;RRM2B;CDK2;KIF14;CDK1;DBF4B;FBXO5;CDC25C;BRD4;CDC25B"
"Protein K11-linked Ubiquitination (GO:0070979)",NA,NA,NA,NA,NA,NA,NA,NA,NA,NA,NA,NA,NA,NA,NA,NA,NA,NA,NA,NA,0.00025,0.010792816,44.28975132,"UBE2W;CDC23;UBE2C;UBE2S;UBE2T;UBE2D3;CDC27;CDC16;ANAPC11"
"Regulation Of Spindle Assembly (GO:0090169)",NA,NA,NA,NA,NA,NA,NA,NA,NA,NA,NA,NA,NA,NA,NA,NA,NA,NA,NA,NA,0.00025,0.010792816,44.28975132,"GPSM2;STIL;PDCD6IP;SPAG5;PLK1;SASS6;CEP97;HSPA1B;HSPA1A"
"Kinetochore Assembly (GO:0051382)",NA,NA,NA,NA,NA,NA,NA,NA,NA,NA,NA,NA,NA,NA,NA,NA,NA,NA,NA,NA,0.000278,0.011822424,121.2769104,"CENPE;CENPW;NPC1;DLGAP5;CENPC"
"Regulation Of DNA-templated Transcription (GO:0006355)",NA,NA,NA,NA,NA,NA,NA,NA,NA,NA,NA,NA,NA,NA,NA,NA,NA,NA,NA,NA,0.000305,0.012804584,10.82344247,"ATF2;CCNK;CCNT1;GMNN;ZBTB21;JADE1;JMJD1C;ARID4B;IKZF2;IKZF5;ELK4;TIAL1;YY1;ZNF608;SALL4;CHEK2;ZXDC;ZNF724;WWC3;MAEL;BBX;KAT7;SUPT20H;KMT5A;PIM2;ARID2;NFRKB;SOX5;PCID2;ZNF680;SPACDR;DYRK1A;RFX3;ZNF12;ZBTB33;PIAS1;HCFC1;THAP1;ZNF90;MORF4L1;MORF4L2;ZNF714;PHIP;ZNF678;ZNF675;ATF3;PSMD10;ZNF273;BAZ2A;CREBL2;FOXO4;ZNF24;ZBTB5;CDKN2AIP;SBNO1;HMBOX1;MED30;ATXN7;RAD21;ZKSCAN8;ZSCAN10;MIER1;MBIP;ZNF823;SAFB2;ZBED6;PPARGC1A;BPTF;SNX6;ZNF143;DR1;SMAD4;POU2F1;NONO;ZBTB16;ZBTB10;IRF2BP2;NR1D2;NR1D1;ZBTB11;FOXN3;FOXN2;TRERF1;HNRNPL;MLLT10;MLXIPL;NR4A1;ZZZ3;NR4A3;JMY;REL;CREBRF;HBP1;MXD1;MXD3;BRWD3;RCOR1;EZH2;CDK16;ZNF496;SETD5;KDM5C;GTF2H2C;CDKN1B;GMEB2;PHF1;SUV39H1;HP1BP3;HMGB2;CHD4;YBX1;FOXM1;CHD2;CHD1;PHF8;MED12;MED14;NIPBL;DBP;ZIC3;ZNF280C;ELOA;GABPA;BRD2;RBM15;PARP1;MSL2;ARNT;ZFP91;PROX1;ARID1A;SIRT1;SUPT3H;MSL1;NCOR1;THRAP3;TRAF6;MTF2;IRF2;ZNF516;DEPDC1;CRY1;WAC;BIRC5;LCORL;CREB5;KDM3B;SF3B3;PLAG1;HDAC1;TMPRSS6;SATB2;ZBTB43;LIN9;ZBTB41;CIART;PURB;BTAF1;RBBP4;HSF2;MXI1;GPBP1L1;BRD8;E2F5;E2F8;BRD4;ATF7IP;TCF7L2;IRX2;CDK11A;PCGF5;EGF;CNBP;ATAD2;FOXJ3;WWP1;DEK;ARID3B;TBX19;GATAD2B;PER1;NR6A1;TEF;PRKRA;ZNF219;RLIM;ZNF217;NAA16;TAF5;ZNF695"
"Positive Regulation Of Cell Cycle G2/M Phase Transition (GO:1902751)",NA,NA,NA,NA,NA,NA,NA,NA,NA,NA,NA,NA,NA,NA,NA,NA,NA,NA,NA,NA,0.00032,0.013272689,47.73633837,"CCNB1;RRM2B;CDK1;DBF4B;FBXO5;CDC25C;CDC25B;BRD4"
"DNA Repair (GO:0006281)",NA,NA,NA,NA,NA,NA,NA,NA,NA,NA,NA,NA,NA,NA,NA,NA,NA,NA,NA,NA,0.000331,0.01355312,15.27319318,"GTF2H2C;CDCA5;DOT1L;RAD51AP1;ATXN3;VCPIP1;EME1;EXO1;ALKBH1;CHEK2;RAD21;TOPBP1;POLH;BARD1;FANCI;MGME1;POLQ;PARP1;FANCM;ZGRF1;LIG3;FANCB;SMC1A;SIRT1;RAD23B;DDB2;TICRR;RNF168;DEPDC1B;NEIL3;RNF169;RRM2B;UBE2T;PSME4;CDK1;RAD17;ERCC5;DNA2;RAD18;CUL4B"
"mRNA Catabolic Process (GO:0006402)",NA,NA,NA,NA,NA,NA,NA,NA,NA,NA,NA,NA,NA,NA,NA,NA,NA,NA,NA,NA,0.000352,0.014069739,32.46534824,"NBAS;TUT7;EXOSC10;XRN1;THRAP3;TUT4;EXOSC9;RC3H1;DCP2;HSPA1B;HSPA1A"
"Positive Regulation Of Cell Division (GO:0051781)",NA,NA,NA,NA,NA,NA,NA,NA,NA,NA,NA,NA,NA,NA,NA,NA,NA,NA,NA,NA,0.000352,0.014069739,32.46534824,"RACGAP1;CUL3;KIF14;KIF23;PKN2;PKP4;ECT2;KIF20B;AURKC;CDC25B;CIT"
"Negative Regulation Of Telomere Maintenance Via Telomerase (GO:0032211)",NA,NA,NA,NA,NA,NA,NA,NA,NA,NA,NA,NA,NA,NA,NA,NA,NA,NA,NA,NA,0.000379,0.014992722,54.48827096,"PIF1;EXOSC10;XRN1;POT1;HNRNPC;TERF1;DCP2"
"Centromere Complex Assembly (GO:0034508)",NA,NA,NA,NA,NA,NA,NA,NA,NA,NA,NA,NA,NA,NA,NA,NA,NA,NA,NA,NA,0.000389,0.01500702,69.80884474,"CENPE;CENPW;NPC1;HJURP;DLGAP5;CENPC"
"Nuclear Pore Organization (GO:0006999)",NA,NA,NA,NA,NA,NA,NA,NA,NA,NA,NA,NA,NA,NA,NA,NA,NA,NA,NA,NA,0.000389,0.01500702,69.80884474,"FXR1;NUP205;NUP133;NUP153;NUP98;TMEM170A"
"Establishment Of Mitotic Sister Chromatid Cohesion (GO:0034087)",NA,NA,NA,NA,NA,NA,NA,NA,NA,NA,NA,NA,NA,NA,NA,NA,NA,NA,NA,NA,0.000488,0.018202138,180.5949993,"NIPBL;STAG2;RAD21;SMC1A"
"Positive Regulation Of Spindle Assembly (GO:1905832)",NA,NA,NA,NA,NA,NA,NA,NA,NA,NA,NA,NA,NA,NA,NA,NA,NA,NA,NA,NA,0.000488,0.018202138,180.5949993,"GPSM2;STIL;SPAG5;SASS6"
"Regulation Of Mitotic Cytokinesis (GO:1902412)",NA,NA,NA,NA,NA,NA,NA,NA,NA,NA,NA,NA,NA,NA,NA,NA,NA,NA,NA,NA,0.000488,0.018202138,180.5949993,"INCENP;BIRC5;CDCA8;AURKB"
"Nuclear Pore Complex Assembly (GO:0051292)",NA,NA,NA,NA,NA,NA,NA,NA,NA,NA,NA,NA,NA,NA,NA,NA,NA,NA,NA,NA,0.00052,0.018757081,89.59227955,"FXR1;NUP205;NUP153;NUP98;TMEM170A"
"Positive Regulation Of Actin Nucleation (GO:0051127)",NA,NA,NA,NA,NA,NA,NA,NA,NA,NA,NA,NA,NA,NA,NA,NA,NA,NA,NA,NA,0.00052,0.018757081,89.59227955,"CYFIP1;NCKAP1;WHAMM;WASF2;WASF3"
"Regulation Of Mitotic Sister Chromatid Separation (GO:0010965)",NA,NA,NA,NA,NA,NA,NA,NA,NA,NA,NA,NA,NA,NA,NA,NA,NA,NA,NA,NA,0.00052,0.018757081,89.59227955,"CCNB1;INCENP;BIRC5;CDCA8;AURKB"
"Cell Cycle G1/S Phase Transition (GO:0044843)",NA,NA,NA,NA,NA,NA,NA,NA,NA,NA,NA,NA,NA,NA,NA,NA,NA,NA,NA,NA,0.000536,0.019027861,26.837323,"TRIM71;CCNA2;CDKN1B;DBF4;CUL3;CDK2;RCC1;PIM2;CACUL1;PHF8;CDKN3;CUL4B"
"Peptidyl-Serine Phosphorylation (GO:0018105)",NA,NA,NA,NA,NA,NA,NA,NA,NA,NA,NA,NA,NA,NA,NA,NA,NA,NA,NA,NA,0.000541,0.019027861,16.85112965,"ROCK1;TNKS;TTK;AURKA;TBK1;AKT3;PBK;TLK1;RICTOR;SRPK2;CSNK1G3;MORC3;CSNK2A1;CSNK1A1;PLK1;DYRK1A;MASTL;HIPK1;UHMK1;PIKFYVE;CDK2;MYO3A;CDK1;PKN2;CSNK1G1"
"Regulation Of Spindle Organization (GO:0090224)",NA,NA,NA,NA,NA,NA,NA,NA,NA,NA,NA,NA,NA,NA,NA,NA,NA,NA,NA,NA,0.000544,0.019027861,47.98673937,"GPSM2;TPX2;STIL;BORA;SASS6;TACC3;GNAI1"
"Regulation Of Ubiquitin-Protein Transferase Activity (GO:0051438)",NA,NA,NA,NA,NA,NA,NA,NA,NA,NA,NA,NA,NA,NA,NA,NA,NA,NA,NA,NA,0.000566,0.019584202,34.71590668,"CDC20;ARRDC4;FEM1B;DCUN1D3;PLK1;BUB1B;BUB3;FBXO5;MAD2L1"
"Regulation Of DNA Replication (GO:0006275)",NA,NA,NA,NA,NA,NA,NA,NA,NA,NA,NA,NA,NA,NA,NA,NA,NA,NA,NA,NA,0.000594,0.020335867,22.07821766,"ESCO1;ATAD5;EGF;GMNN;JADE1;TERF1;YY1;CCNA2;ORC3;POLE3;RAD17;KAT7;FBXO5;DNA2;NFRKB"
"Heterochromatin Organization (GO:0070828)",NA,NA,NA,NA,NA,NA,NA,NA,NA,NA,NA,NA,NA,NA,NA,NA,NA,NA,NA,NA,0.000635,0.0213084,30.13100183,"PCID2;HP1BP3;UBR5;POLE3;BAZ2A;PPM1D;SIRT1;LMNB2;EZH1;EZH2"
"Nuclear-Transcribed mRNA Catabolic Process, Deadenylation-Dependent Decay (GO:0000288)",NA,NA,NA,NA,NA,NA,NA,NA,NA,NA,NA,NA,NA,NA,NA,NA,NA,NA,NA,NA,0.000635,0.0213084,30.13100183,"PAN2;TUT7;DIS3;TUT4;EXOSC9;RC3H1;CNOT8;DCP1A;PATL1;DCP2"
"Mitotic G2/M Transition Checkpoint (GO:0044818)",NA,NA,NA,NA,NA,NA,NA,NA,NA,NA,NA,NA,NA,NA,NA,NA,NA,NA,NA,NA,0.000657,0.021806938,27.34721081,"BARD1;RINT1;DEPDC1B;ORC1;PLK1;DONSON;CDK1;RAD17;TOPBP1;FOXN3;TICRR"
"Positive Regulation Of Chromosome Organization (GO:2001252)",NA,NA,NA,NA,NA,NA,NA,NA,NA,NA,NA,NA,NA,NA,NA,NA,NA,NA,NA,NA,0.000725,0.023606725,32.16665068,"RAD21;CDK1;NCAPG;POT1;NCAPD2;TERF1;SMC4;AURKB;SMC2"
"Protein K63-linked Deubiquitination (GO:0070536)",NA,NA,NA,NA,NA,NA,NA,NA,NA,NA,NA,NA,NA,NA,NA,NA,NA,NA,NA,NA,0.000725,0.023606725,32.16665068,"OTUD4;BARD1;ATXN3;USP25;DEPDC1B;USP9X;OTUD7B;ABRAXAS2;YOD1"
"Protein Polyubiquitination (GO:0000209)",NA,NA,NA,NA,NA,NA,NA,NA,NA,NA,NA,NA,NA,NA,NA,NA,NA,NA,NA,NA,0.00075,0.024046349,14.1631828,"TRIM71;TNKS;CUL3;PELI2;UBE2D3;ANAPC11;CDC23;RMND5A;TNKS2;RNF19A;CDC27;UBR5;ARIH1;ARRDC4;BARD1;UBE2C;RC3H1;ZFP91;UBE4B;TRAF2;DDB2;RNF168;UBE2W;ITCH;RNF125;UBE2R2;UBE2S;UBE2T;TRAF6;CDC16;PELI1;BIRC2"
"Positive Regulation Of G2/M Transition Of Mitotic Cell Cycle (GO:0010971)",NA,NA,NA,NA,NA,NA,NA,NA,NA,NA,NA,NA,NA,NA,NA,NA,NA,NA,NA,NA,0.000762,0.024046349,42.5637599,"CCNB1;RRM2B;CDK1;DBF4B;FBXO5;CDC25C;CDC25B"
"Regulation Of Histone Deacetylation (GO:0031063)",NA,NA,NA,NA,NA,NA,NA,NA,NA,NA,NA,NA,NA,NA,NA,NA,NA,NA,NA,NA,0.000762,0.024046349,42.5637599,"DR1;NIPBL;ZZZ3;SUV39H1;MBIP;BAZ2A;SIRT1"
"Negative Regulation Of Protein Ubiquitination (GO:0031397)",NA,NA,NA,NA,NA,NA,NA,NA,NA,NA,NA,NA,NA,NA,NA,NA,NA,NA,NA,NA,0.00077,0.024046349,24.32547977,"CDC20;UFL1;CRY1;BUB1B;SPOPL;MARCHF7;ISG15;FBXO5;BUB3;HSPA1B;HSPA1A;MAD2L1"
"Regulation Of Transcription By RNA Polymerase II (GO:0006357)",NA,NA,NA,NA,NA,NA,NA,NA,NA,NA,NA,NA,NA,NA,NA,NA,NA,NA,NA,NA,0.000775,0.024046349,9.323563505,"ATF2;TCERG1;CCNK;MAML1;JMJD1C;IKZF2;IKZF5;ELK4;TIAL1;TBK1;ZNF608;ZXDC;BBX;SUPT20H;SOX5;SPACDR;RFX3;HCFC1;THAP1;THAP3;BCORL1;ATF3;ZNF24;ZBTB5;PRDM10;CDKN2AIP;HELZ2;PCBP1;RAD21;MIER1;ZNF823;ZBED6;PPARGC1A;ZNF143;JAG1;PLK1;IRF2BP2;NR1D2;NR1D1;TRERF1;MLLT10;ZZZ3;REL;CREBRF;HBP1;EZH1;RCOR1;EZH2;ZNF496;GTF2H2C;GMEB2;PHF1;SUV39H1;OTUD7B;WASL;PHF6;PHF8;MED12;MED14;NIPBL;ELOA;GABPA;BRD2;PARP1;RIPK2;PROX1;SIRT1;SUPT3H;NCOR1;SINHCAF;TMF1;SF3B3;TMPRSS6;SATB2;DOT1L;PURB;HSF2;LINC-PINT;ZNF589;BRD8;SF3B1;BRD4;PCGF5;USP9X;ATAD2;RRP1B;GATAD2B;PER1;NR6A1;PRKRA;ZNF219;TCEA1;ZNF217;HDGF;HSPA1A;CCNT1;UBE2D3;ZBTB21;JADE1;ARID4B;YY1;CHCHD2;SALL4;WWC3;KMT5A;ARID2;ZNF684;MORC3;ZBTB33;PIAS1;PHIP;ZNF675;PSMD10;TNKS;FOXO4;PHF21A;HMBOX1;DDRGK1;ATXN7;ZKSCAN8;MBIP;SAFB2;BPTF;DR1;SMAD4;POU2F1;ZBTB16;ZBTB10;MLXIPL;NR4A1;NR4A3;CNOT1;COPS2;CAPRIN2;JMY;MKRN2;MXD1;MXD3;BRWD3;RIGI;HMGB2;CHD4;LDB2;YBX1;FOXM1;CHD2;MYSM1;CHD1;PAGR1;DBP;ZIC3;NCK1;PPP1R12A;CKAP2;ARNT;ZFP91;ARID1A;YWHAZ;CCNA2;THRAP3;TRAF6;IRF2;CRY1;LCORL;CREB5;MCPH1;GTF2A1;KDM3B;PLAG1;HDAC1;ZBTB43;LIN9;PPM1D;NR2C1;ZBTB41;AURKB;DNAJB1;RBBP4;DNAJB4;MXI1;E2F5;E2F8;H2AZ1;TCF7L2;IRX2;CNBP;FOXJ3;DEK;ARID3B;TBX19;ASXL1;TEF;TAF5;PAXBP1;LPIN1;PFKM"
"Negative Regulation Of Transcription By RNA Polymerase II (GO:0000122)",NA,NA,NA,NA,NA,NA,NA,NA,NA,NA,NA,NA,NA,NA,NA,NA,NA,NA,NA,NA,0.000829,0.025423638,10.55486224,"ATF2;ZNF451;TCERG1;SUV39H1;UBE2D3;ZBTB21;HMGB2;OTUD7B;ARID4B;CHD4;LDB2;FOXM1;PHF6;IKZF5;ELK4;YY1;NIPBL;ZNF608;WWC3;KMT5A;ZNF684;MORC3;PCID2;PARP1;SPACDR;ZBTB33;PROX1;SIRT1;YWHAZ;HCFC1;THAP1;NCOR1;TRAF6;IRF2;CRY1;SINHCAF;BCORL1;ZNF675;ATF3;MCPH1;PSMD10;SF3B3;HDAC1;TMPRSS6;ZBTB5;NR2C1;PHF21A;AURKB;DNAJB1;HMBOX1;RBBP4;DNAJB4;MIER1;MXI1;LINC-PINT;ZNF589;ZBED6;E2F8;BPTF;IRX2;TCF7L2;DR1;SMAD4;USP9X;ZBTB16;CNBP;PLK1;ZBTB10;IRF2BP2;NR1D2;NR1D1;GATAD2B;PER1;NR6A1;NR4A3;CNOT1;COPS2;ZNF219;ZNF217;HDGF;MXD1;EZH1;EZH2;HSPA1A"
"Negative Regulation Of Nucleic Acid-Templated Transcription (GO:1903507)",NA,NA,NA,NA,NA,NA,NA,NA,NA,NA,NA,NA,NA,NA,NA,NA,NA,NA,NA,NA,0.000834,0.025423638,11.64531772,"EIF4A2;KDM5C;CDKN1B;SUV39H1;GMNN;ZBTB21;HMGB2;CHD4;FOXM1;NIPBL;MAEL;KMT5A;RBM15;PARP1;SPACDR;RFX3;ZNF12;ZBTB33;PROX1;SIRT1;NCOR1;TRAF6;DEPDC1;CRY1;BIRC5;HDAC1;TMPRSS6;ZNF24;CIART;HMBOX1;BTAF1;RBBP4;ZSCAN10;ZBED6;SNX6;ATF7IP;TCF7L2;SMAD4;POU2F1;ZBTB16;NONO;WWP1;NR1D2;NR1D1;FOXN3;TRERF1;GATAD2B;HNRNPL;MLXIPL;PER1;ZNF219;RLIM;ZNF217;RCOR1;EZH2"
"Establishment Of Mitotic Spindle Localization (GO:0040001)",NA,NA,NA,NA,NA,NA,NA,NA,NA,NA,NA,NA,NA,NA,NA,NA,NA,NA,NA,NA,0.000919,0.027731209,29.86800115,"GPSM2;ESPL1;NDE1;PLK1;NUSAP1;CENPA;NDC80;KPNB1;MAD2L1"
"Modification-Dependent Protein Catabolic Process (GO:0019941)",NA,NA,NA,NA,NA,NA,NA,NA,NA,NA,NA,NA,NA,NA,NA,NA,NA,NA,NA,NA,0.000984,0.029439923,14.09223455,"RNF11;KLHL15;CUL3;UBE2D3;CBL;CCAR1;ANAPC11;HERC4;ATXN3;CDC23;C18ORF25;RNF19A;FEM1C;ARIH1;UBE2C;RC3H1;UBE4B;ISG15;NTAN1;MIB1;RNF168;ITCH;RNF125;UBE2R2;UBE2S;MKRN2;RLIM;UBA1"
"G1/S Transition Of Mitotic Cell Cycle (GO:0000082)",NA,NA,NA,NA,NA,NA,NA,NA,NA,NA,NA,NA,NA,NA,NA,NA,NA,NA,NA,NA,0.000994,0.029457771,21.35528594,"TRIM71;CDKN1B;CUL3;PHF8;DBF4;CDK2;RCC1;PIM2;CACUL1;BRD4;CDK16;CDKN3;CUL4B"
"RNA Processing (GO:0006396)",NA,NA,NA,NA,NA,NA,NA,NA,NA,NA,NA,NA,NA,NA,NA,NA,NA,NA,NA,NA,0.001004852,0.029457771,14.23946884,"ZCCHC8;TCERG1;TUT7;SF3B3;DDX47;TUT4;USP39;PRPF8;EXOSC10;EXOSC9;DHX15;PPARGC1A;SF3B1;SRPK2;RBM39;SF3A1;DIS3;SRRM1;HNRNPL;LIN28B;HNRNPUL1;PRPF3;HNRNPF;SNRPG;SRSF4;PPIG;HNRNPC"
"Phosphorylation (GO:0016310)",NA,NA,NA,NA,NA,NA,NA,NA,NA,NA,NA,NA,NA,NA,NA,NA,NA,NA,NA,NA,0.00101984,0.029457771,11.37204642,"PANK3;CCNT1;MAML1;TESK2;PRKAG2;TBK1;CHEK2;AKT3;PIM1;TLK1;NEK2;PIM3;PIM2;BRD2;MORC3;CSNK2A1;CSNK2A3;DYRK1A;ADAM10;YWHAZ;CDC25B;MELK;INCENP;BIRC5;TSSK3;PRKAA2;ROCK1;CDCA8;AURKC;AURKB;AURKA;RICTOR;MAPK6;PLK4;SRPK2;CDK11A;CSNK1A1;PLK1;HIPK1;PTK2;CLK3;STK24;COPS2;STK26;STK17B;CDK2;CDK1;TAF8;PKN2;COQ8A;TAF5;CDK16"
"Protein Depolymerization (GO:0051261)",NA,NA,NA,NA,NA,NA,NA,NA,NA,NA,NA,NA,NA,NA,NA,NA,NA,NA,NA,NA,0.001020067,0.029457771,32.67687923,"KIF18A;KIF18B;KIF2A;CFL2;KIF14;TWF1;KIF2C;CKAP5"
"Cellular Response To Leptin Stimulus (GO:0044320)",NA,NA,NA,NA,NA,NA,NA,NA,NA,NA,NA,NA,NA,NA,NA,NA,NA,NA,NA,NA,0.001067698,0.030049362,108.0228895,"UGCG;NR4A3;LEPR;SIRT1"
"Negative Regulation Of Muscle Cell Differentiation (GO:0051148)",NA,NA,NA,NA,NA,NA,NA,NA,NA,NA,NA,NA,NA,NA,NA,NA,NA,NA,NA,NA,0.001067698,0.030049362,108.0228895,"PTBP1;RBPMS2;FOXO4;ZBED6"
"Positive Regulation Of Arp2/3 Complex-Mediated Actin Nucleation (GO:2000601)",NA,NA,NA,NA,NA,NA,NA,NA,NA,NA,NA,NA,NA,NA,NA,NA,NA,NA,NA,NA,0.001067698,0.030049362,108.0228895,"CYFIP1;NCKAP1;WASF2;WASF3"
"Regulation Of Mitotic Nuclear Division (GO:0007088)",NA,NA,NA,NA,NA,NA,NA,NA,NA,NA,NA,NA,NA,NA,NA,NA,NA,NA,NA,NA,0.001084826,0.030274847,22.10877047,"CCNB1;BORA;CDCA2;EGF;NUSAP1;RCC1;NEK2;PHIP;FBXO5;CDC25C;KIF20B;AURKA"
"Negative Regulation Of DNA-templated Transcription (GO:0045892)",NA,NA,NA,NA,NA,NA,NA,NA,NA,NA,NA,NA,NA,NA,NA,NA,NA,NA,NA,NA,0.001148443,0.031783168,9.507852038,"ATF2;TCERG1;GMNN;UBE2D3;ZBTB21;ARID4B;IKZF5;YY1;ELK4;ZNF608;WWC3;MAEL;KMT5A;ZNF684;MORC3;SPACDR;RFX3;ZNF12;ZBTB33;THAP1;HCFC1;BCORL1;ZNF675;ATF3;PSMD10;BAZ2A;ZNF24;ZBTB5;PHF21A;HMBOX1;MIER1;ZSCAN10;ZBED6;SNX6;BPTF;DR1;SMAD4;POU2F1;ZBTB16;NONO;PLK1;ZBTB10;IRF2BP2;NR1D2;FOXN3;NR1D1;TRERF1;HNRNPL;MLXIPL;NR4A3;CNOT1;COPS2;MXD1;EZH1;RCOR1;EZH2;KDM5C;CDKN1B;SUV39H1;HMGB2;OTUD7B;CHD4;LDB2;FOXM1;PHF6;NIPBL;RBM15;PARP1;PROX1;SIRT1;YWHAZ;NCOR1;TRAF6;IRF2;DEPDC1;CRY1;BIRC5;SINHCAF;MCPH1;SF3B3;TMPRSS6;HDAC1;NR2C1;AURKB;CIART;DNAJB1;BTAF1;RBBP4;DNAJB4;MXI1;LINC-PINT;ZNF589;E2F8;ATF7IP;IRX2;TCF7L2;USP9X;CNBP;WWP1;GATAD2B;PER1;NR6A1;ZNF219;RLIM;ZNF217;HDGF;HSPA1A"
"NLS-bearing Protein Import Into Nucleus (GO:0006607)",NA,NA,NA,NA,NA,NA,NA,NA,NA,NA,NA,NA,NA,NA,NA,NA,NA,NA,NA,NA,0.001306009,0.035262247,42.92649394,"KPNA6;RGPD5;KPNA4;KPNA2;KPNB1;IPO5"
"Microtubule Depolymerization (GO:0007019)",NA,NA,NA,NA,NA,NA,NA,NA,NA,NA,NA,NA,NA,NA,NA,NA,NA,NA,NA,NA,0.001306009,0.035262247,42.92649394,"KIF18A;KIF18B;KIF2A;KIF14;KIF2C;CKAP5"
"Regulation Of Ubiquitin Protein Ligase Activity (GO:1904666)",NA,NA,NA,NA,NA,NA,NA,NA,NA,NA,NA,NA,NA,NA,NA,NA,NA,NA,NA,NA,0.001306009,0.035262247,42.92649394,"CDC20;UBE2C;UBE2S;PLK1;FBXO5;MAD2L1"
"Attachment Of Mitotic Spindle Microtubules To Kinetochore (GO:0051315)",NA,NA,NA,NA,NA,NA,NA,NA,NA,NA,NA,NA,NA,NA,NA,NA,NA,NA,NA,NA,0.001430335,0.037416034,55.41993004,"CENPE;NUF2;KIF2C;NDC80;CENPC"
"Mitotic DNA Integrity Checkpoint Signaling (GO:0044774)",NA,NA,NA,NA,NA,NA,NA,NA,NA,NA,NA,NA,NA,NA,NA,NA,NA,NA,NA,NA,0.001430335,0.037416034,55.41993004,"ORC1;CHEK2;RAD17;TOPBP1;TICRR"
"Histone Deacetylation (GO:0016575)",NA,NA,NA,NA,NA,NA,NA,NA,NA,NA,NA,NA,NA,NA,NA,NA,NA,NA,NA,NA,0.001430845,0.037416034,25.89974471,"ELK4;MORF4L1;RBBP4;HDAC1;MORF4L2;MIER1;CHD4;SIRT1;GATAD2B"
"Regulation Of Cellular Response To Stress (GO:0080135)",NA,NA,NA,NA,NA,NA,NA,NA,NA,NA,NA,NA,NA,NA,NA,NA,NA,NA,NA,NA,0.001522105,0.039491488,15.60417435,"BARD1;SF3B3;FEM1B;SIRT1;SUPT3H;YY1;DNAJB1;CHCHD2;DEPDC1B;ATXN7;CHORDC1;CRY1;USP1;KMT5A;SUPT20H;TAF5;NFRKB;POLH"
"Mitotic G2 DNA Damage Checkpoint Signaling (GO:0007095)",NA,NA,NA,NA,NA,NA,NA,NA,NA,NA,NA,NA,NA,NA,NA,NA,NA,NA,NA,NA,0.001669856,0.042989093,27.57760121,"RINT1;DEPDC1B;PLK1;DONSON;CDK1;TOPBP1;FOXN3;TICRR"
"Nucleus Organization (GO:0006997)",NA,NA,NA,NA,NA,NA,NA,NA,NA,NA,NA,NA,NA,NA,NA,NA,NA,NA,NA,NA,0.001734022,0.044297602,22.18802256,"NUP205;PDCD6IP;NUP133;ATXN7;REEP4;REEP3;NUP98;TMEM170A;LMNB2;CEP55"
"Positive Regulation Of Transcription By RNA Polymerase II (GO:0045944)",NA,NA,NA,NA,NA,NA,NA,NA,NA,NA,NA,NA,NA,NA,NA,NA,NA,NA,NA,NA,0.001777116,0.045051914,8.8875844,"ATF2;TCERG1;CCNK;CCNT1;MAML1;YY1;ELK4;CHCHD2;TBK1;RFX3;HCFC1;THAP3;PHIP;ATF3;TNKS;FOXO4;ZNF24;PRDM10;HELZ2;MED30;DDRGK1;PCBP1;PPARGC1A;BPTF;ZNF143;DR1;SMAD4;JAG1;POU2F1;NR1D2;NR1D1;ELL2;TRERF1;MLLT10;MLXIPL;NR4A1;NR4A3;CAPRIN2;MKRN2;REL;CREBRF;RIGI;HMGB2;WASL;LDB2;YBX1;FOXM1;MED15;MYSM1;PHF8;MED12;PAGR1;MED14;DBP;ZIC3;GABPA;NCK1;PPP1R12A;PARP1;RIPK2;CKAP2;ARNT;PROX1;SIRT1;CCNA2;THRAP3;TRAF6;IRF2;EAPP;GTF2A1;TMF1;TMPRSS6;HDAC1;PLAG1;SATB2;DOT1L;HSF2;BRD8;SF3B1;E2F8;BRD4;H2AZ1;TCF7L2;PCGF5;CNBP;ATAD2;FOXJ3;RRP1B;DEK;ASXL1;PER1;PRKRA;TAF8;TCEA1;TAF5;LPIN1;PAXBP1;PFKM"
"Protein Localization To Chromosome, Centromeric Region (GO:0071459)",NA,NA,NA,NA,NA,NA,NA,NA,NA,NA,NA,NA,NA,NA,NA,NA,NA,NA,NA,NA,0.001830646,0.046019284,37.34629216,"BOD1;CDK1;TTK;KNL1;BUB3;CENPA"
"RNA Splicing, Via Transesterification Reactions (GO:0000375)",NA,NA,NA,NA,NA,NA,NA,NA,NA,NA,NA,NA,NA,NA,NA,NA,NA,NA,NA,NA,0.001842988,0.046019284,30.73441177,"SF3B3;PRPF3;SRSF4;PRPF8;SF3B1;SMNDC1;SRRM1"
"Positive Regulation Of Protein Ubiquitination (GO:0031398)",NA,NA,NA,NA,NA,NA,NA,NA,NA,NA,NA,NA,NA,NA,NA,NA,NA,NA,NA,NA,0.001991618,0.049285804,16.06382591,"ARRDC4;PSMD10;FANCI;FANCM;RIPK2;CUL3;DCUN1D3;PLK1;XIAP;INAVA;TRAF6;CRY1;UBQLN1;MARCHF7;BIRC2"
"Positive Regulation Of Ubiquitin Protein Ligase Activity (GO:1904668)",NA,NA,NA,NA,NA,NA,NA,NA,NA,NA,NA,NA,NA,NA,NA,NA,NA,NA,NA,NA,0.002003488,0.049285804,73.56080794,"CDC20;UBE2C;UBE2S;PLK1"
"Glycosaminoglycan biosynthesis",NA,NA,NA,NA,NA,NA,NA,NA,NA,NA,NA,NA,NA,NA,NA,NA,NA,NA,NA,NA,0.000149,0.042386573,32.8362698,"CHPF2;GLCE;HS3ST5;HS6ST1;HS3ST1;HS3ST2;NDST1;CHST12;NDST4;DSE;CHST15;CHSY3;ST3GAL1;CHST2"
"Spindle (GO:0005819)",NA,NA,NA,NA,NA,NA,NA,NA,NA,NA,NA,NA,NA,NA,NA,NA,NA,NA,NA,NA,5.5e-16,5.81e-14,151.3701376,"BUB1B;KIF11;CDC20;NUDCD2;CDC27;NUSAP1;FBXO5;DLGAP5;CKAP2L;CKAP2;KIF23;CCDC117;KIF22;TUBG1;KNSTRN;CCSAP;GEM;WRAP73;NCOR1;KIF2A;ESPL1;INCENP;KIFC1;KIF2C;PKP4;KIF20A;CUL3;TTK;WDR62;HMMR;AURKC;AURKB;AURKA;TAF1D;RACGAP1;MBIP;ECT2;FAM83D;DR1;SPAG5;CSNK1A1;BOD1;PLK1;MZT1;TPX2;CENPE;ZZZ3;KATNBL1;PRC1;KIF4A;CDC16;TACC3;CDK1;LSM14A;MAD2L1"
"Mitotic Spindle (GO:0072686)",NA,NA,NA,NA,NA,NA,NA,NA,NA,NA,NA,NA,NA,NA,NA,NA,NA,NA,NA,NA,1.08e-13,8.53e-12,144.7974822,"CUL3;WDR62;KIF11;AURKA;TAF1D;NUDCD2;RACGAP1;CDC27;NUSAP1;MBIP;ECT2;FAM83D;DLGAP5;DR1;SPAG5;CKAP2L;CKAP2;HAUS4;KIF23;CCDC117;KIF22;TUBG1;KNSTRN;CCSAP;GEM;TPX2;WRAP73;CENPE;KIF18A;KIF18B;ZZZ3;NCOR1;ESPL1;KIFC1;KATNBL1;CDC16;CDK1;TACC3;PKP4;LSM14A;MAD2L1"
"Microtubule Cytoskeleton (GO:0015630)",NA,NA,NA,NA,NA,NA,NA,NA,NA,NA,NA,NA,NA,NA,NA,NA,NA,NA,NA,NA,9.25e-08,5.86e-06,38.25200885,"CEP57;KIF14;BUB1B;KIF11;KIF15;CDC20;RASSF1;TUBA1B;NUDCD2;OPA1;KIF5B;CDC27;DBT;FBXO5;GTSE1;CKAP2L;CKAP2;KIF23;KIF22;TUBG1;GABRG3;CCSAP;CKAP5;KIF2A;INCENP;KIFC1;BIRC5;KIF2C;PHIP;KIF20A;KIF20B;CDCA8;SLAIN2;TTK;HMMR;AURKC;AURKB;AURKA;CCNB2;RACGAP1;ATXN7;TAF1A;FAM83D;CCT4;RBM39;CSNK1A1;PLK1;TUBE1;MZT1;TPX2;CENPE;ADCY10;KIF18A;KATNBL1;PRC1;CDK16"
"Intracellular Non-Membrane-Bounded Organelle (GO:0043232)",NA,NA,NA,NA,NA,NA,NA,NA,NA,NA,NA,NA,NA,NA,NA,NA,NA,NA,NA,NA,2.21e-07,1.17e-05,25.32004811,"ZNF330;CCNT1;HJURP;BUB1B;C1ORF131;SMC2;CDC20;RABGEF1;PPP1CC;NSDHL;CDC27;PIM1;NUSAP1;RCC1;CPNE3;KAT7;FBXO5;ESCO1;NGDN;DYRK1A;ZBTB33;CDYL;SDCBP2;GABRG3;PREPL;MORF4L2;SBDS;WDFY1;PKP4;KIF20A;KIF20B;ATF3;PSMD10;ZCCHC8;CDCA2;CDCA5;CDCA8;BAZ2A;NMD3;HMMR;CDKN2AIP;ANAPC11;RAD51AP1;FXR1;EPB41L5;ATXN3;RACGAP1;DDRGK1;RAD21;MBIP;ZBED6;FAM83D;PLK4;SRPK2;PLK1;NUP153;PTK2;TPX2;DIAPH2;LIN28B;STAG2;ZZZ3;STK24;UBE2T;CAPRIN1;SASS6;RAD17;CEP85;RBIS;CUTC;TOP2A;DDX47;TUT4;SUV39H1;PHF1;HP1BP3;HMGB2;KIF11;LDB2;STON2;FOXM1;MYSM1;PHF6;PHF8;PTBP1;XPO1;SNAPC1;TOPBP1;RBM34;NCK1;PPP1R12A;PARP1;RIPK2;DIS3;ZFP91;KIF23;TERF1;SMC1A;TUBG1;CCSAP;SIRT1;CKAP5;METTL22;RNF169;KIF2A;INCENP;TRAF6;KIF2C;ALDOC;SLC29A2;SF3B3;ROCK1;MVP;GNAI3;ASAP1;TTK;HSD17B11;PPM1D;AURKC;GNAI1;AURKB;AURKA;TAF1D;EXOSC10;EXOSC9;MXI1;IGF2BP2;E2F5;SF3B1;E2F8;CSNK1A1;CEP152;RRP1B;DEK;MZT1;CENPE;WEE1;PRC1;KATNBL1;SCD;TCEA1;TAF5"
"Condensed Chromosome (GO:0000793)",NA,NA,NA,NA,NA,NA,NA,NA,NA,NA,NA,NA,NA,NA,NA,NA,NA,NA,NA,NA,2.07e-06,9.36e-05,61.65828804,"SUV39H1;NSMCE2;HMGB2;NCAPG;SMC5;SMC1A;TUBG1;SMC4;AURKC;CENPA;SMC2;CENPC;SGO1;CENPE;RCC1;NCAPD2;BRD4"
"Cytoplasmic Stress Granule (GO:0010494)",NA,NA,NA,NA,NA,NA,NA,NA,NA,NA,NA,NA,NA,NA,NA,NA,NA,NA,NA,NA,6.17e-05,0.002443052,33.25038537,"RBFOX1;PRKAA2;NUFIP2;ROCK1;RC3H1;YBX1;ZFAND1;PUM1;C9ORF72;LARP1B;TIAL1;ATXN2L;FXR1;CAPRIN1;IGF2BP2;LSM14A;KPNB1"
"Anaphase-Promoting Complex (GO:0005680)",NA,NA,NA,NA,NA,NA,NA,NA,NA,NA,NA,NA,NA,NA,NA,NA,NA,NA,NA,NA,7.26e-05,0.002558148,75.38615631,"CDC20;CDC23;UBE2C;UBE2S;CDC16;CDC27;BUB1B;ANAPC11"
"Nuclear Lumen (GO:0031981)",NA,NA,NA,NA,NA,NA,NA,NA,NA,NA,NA,NA,NA,NA,NA,NA,NA,NA,NA,NA,0.000113,0.00338785,14.30623579,"TOP2A;ZNF330;CCNT1;DDX47;TUT4;SUV39H1;PHF1;HMGB2;HJURP;LDB2;STON2;CHD1;MYSM1;PHF6;SMC2;PHF8;RABGEF1;PPP1CC;PTBP1;XPO1;SNAPC1;PIM1;NUSAP1;CPNE3;KAT7;RBM34;PPP1R12A;PARP1;DIS3;NGDN;ZFP91;ZBTB33;TERF1;SIRT1;SDCBP2;GABRG3;CKAP5;METTL22;RNF169;KIF2A;MORF4L2;SBDS;WDFY1;BIRC5;KIF20B;ATF3;SLC29A2;ZCCHC8;SF3B3;GNAI3;CDCA8;BAZ2A;NMD3;PPM1D;CDKN2AIP;GNAI1;ANAPC11;FXR1;ATXN3;TAF1D;EXOSC10;DDRGK1;EXOSC9;MXI1;MBIP;E2F5;ZBED6;SF3B1;E2F8;PLK4;SRPK2;NUP153;RRP1B;DEK;DIAPH2;LIN28B;WEE1;STAG2;ZZZ3;STK24;KATNBL1;SCD;UBE2T;TCEA1;RAD17;NCAPD2;TAF5;CEP85;RBIS;CUTC"
"Nuclear Chromosome (GO:0000228)",NA,NA,NA,NA,NA,NA,NA,NA,NA,NA,NA,NA,NA,NA,NA,NA,NA,NA,NA,NA,0.000118,0.00338785,26.93884961,"TOP2A;H2AZ1;SF3B3;SUV39H1;NCAPG;SMC1A;TUBG1;CHD1;SMC4;SMC2;YY1;EXOSC9;ANP32E;RCC1;BIRC5;NCAPD2;BRD8;NFRKB;BRD4"
"Chromosome (GO:0005694)",NA,NA,NA,NA,NA,NA,NA,NA,NA,NA,NA,NA,NA,NA,NA,NA,NA,NA,NA,NA,0.000171,0.004102702,20.39514717,"TOP2A;CDCA2;CDCA5;HP1BP3;HMGB2;C1ORF131;NCAPG;SMC5;CHD1;AURKC;SMC2;RAD51AP1;RAD21;EXOSC9;RCC1;KAT7;KMT5A;TOPBP1;RBM34;ESCO1;CDYL;RRP1B;SMC1A;CENPE;STAG2;BIRC5;NCAPD2"
"Cyclin-Dependent Protein Kinase Holoenzyme Complex (GO:0000307)",NA,NA,NA,NA,NA,NA,NA,NA,NA,NA,NA,NA,NA,NA,NA,NA,NA,NA,NA,NA,0.000176,0.004102702,38.95765449,"CCNA2;CCNB2;CCNK;CCNB1;CCNF;CCNG1;CDK2;CDK1;CKS2;CKS1B;CDK16"
"Spindle Microtubule (GO:0005876)",NA,NA,NA,NA,NA,NA,NA,NA,NA,NA,NA,NA,NA,NA,NA,NA,NA,NA,NA,NA,0.000194,0.004102702,28.77517372,"BOD1;PLK1;HAUS4;KIF11;TUBG1;AURKC;AURKB;AURKA;CENPE;KIF18A;KIF18B;KIF2A;PRC1;KIF4A;CDK1"
"Nucleolus (GO:0005730)",NA,NA,NA,NA,NA,NA,NA,NA,NA,NA,NA,NA,NA,NA,NA,NA,NA,NA,NA,NA,0.000194,0.004102702,13.27443605,"TOP2A;ZNF330;CCNT1;DDX47;TUT4;SUV39H1;PHF1;HMGB2;HJURP;LDB2;STON2;MYSM1;PHF6;SMC2;PHF8;RABGEF1;PPP1CC;PTBP1;XPO1;SNAPC1;PIM1;NUSAP1;CPNE3;KAT7;RBM34;PPP1R12A;PARP1;DIS3;NGDN;ZFP91;ZBTB33;TERF1;SIRT1;SDCBP2;GABRG3;CKAP5;METTL22;RNF169;KIF2A;MORF4L2;SBDS;WDFY1;POLR1D;KIF20B;ATF3;SLC29A2;ZCCHC8;SF3B3;GNAI3;CDCA8;BAZ2A;NMD3;PPM1D;CDKN2AIP;GNAI1;ANAPC11;FXR1;ATXN3;TAF1D;EXOSC10;DDRGK1;EXOSC9;MXI1;MBIP;E2F5;ZBED6;SF3B1;E2F8;PLK4;SRPK2;NUP153;RRP1B;DEK;DIAPH2;LIN28B;WEE1;STAG2;ZZZ3;STK24;KATNBL1;SCD;UBE2T;TCEA1;RAD17;TAF5;CEP85;RBIS;CUTC"
"Condensed Chromosome, Centromeric Region (GO:0000779)",NA,NA,NA,NA,NA,NA,NA,NA,NA,NA,NA,NA,NA,NA,NA,NA,NA,NA,NA,NA,0.000278,0.005501379,121.2769104,"SGO1;CENPE;NCAPD2;CENPA;CENPC"
"P-body (GO:0000932)",NA,NA,NA,NA,NA,NA,NA,NA,NA,NA,NA,NA,NA,NA,NA,NA,NA,NA,NA,NA,0.000607,0.011327972,21.03132951,"TRIM71;RC3H1;PUM1;C9ORF72;PATL1;PNRC2;PAN2;PSMA6;FAM184A;CNOT1;CAPRIN1;IGF2BP2;CNOT8;DCP1A;LSM14A;DCP2"
"Sin3 Complex (GO:0016580)",NA,NA,NA,NA,NA,NA,NA,NA,NA,NA,NA,NA,NA,NA,NA,NA,NA,NA,NA,NA,0.000762,0.012710126,42.5637599,"MORF4L1;SF3B3;CSNK2A1;RBBP4;HDAC1;ARID4B;SINHCAF"
"Sin3-type Complex (GO:0070822)",NA,NA,NA,NA,NA,NA,NA,NA,NA,NA,NA,NA,NA,NA,NA,NA,NA,NA,NA,NA,0.000762,0.012710126,42.5637599,"MORF4L1;SF3B3;CSNK2A1;RBBP4;HDAC1;ARID4B;SINHCAF"
"Condensed Nuclear Chromosome (GO:0000794)",NA,NA,NA,NA,NA,NA,NA,NA,NA,NA,NA,NA,NA,NA,NA,NA,NA,NA,NA,NA,0.001020067,0.016168068,32.67687923,"SUV39H1;NCAPG;RCC1;NCAPD2;SMC1A;TUBG1;SMC4;SMC2"
"Precatalytic Spliceosome (GO:0071011)",NA,NA,NA,NA,NA,NA,NA,NA,NA,NA,NA,NA,NA,NA,NA,NA,NA,NA,NA,NA,0.001930155,0.029136154,19.90391545,"SRRM2;PRPF38B;SF3A1;SF3B3;PRPF3;CWC22;SNRPG;CWC27;SNRNP200;PRPF8;SF3B1"
"ISWI-type Complex (GO:0031010)",NA,NA,NA,NA,NA,NA,NA,NA,NA,NA,NA,NA,NA,NA,NA,NA,NA,NA,NA,NA,0.002175704,0.031349918,45.38458264,"HMGXB4;RBBP4;POLE3;BAZ2A;BPTF"
"Microtubule (GO:0005874)",NA,NA,NA,NA,NA,NA,NA,NA,NA,NA,NA,NA,NA,NA,NA,NA,NA,NA,NA,NA,0.002484385,0.034241311,11.67968008,"CEP57;KIF14;KIF11;AURKC;AURKB;KIF15;AURKA;TUBA1B;OPA1;KIF5B;CCT4;BOD1;PLK1;KIF23;TUBE1;KIF22;TUBG1;CENPE;KIF2A;KIFC1;PRC1;KIF4A;CDK1;KIF2C;KIF20A;KIF20B"
"RNA Binding (GO:0003723)",NA,NA,NA,NA,NA,NA,NA,NA,NA,NA,NA,NA,NA,NA,NA,NA,NA,NA,NA,NA,4.64e-09,3e-06,32.49774442,"EIF4A2;OTUD4;TCERG1;PUS10;PEBP1;C1ORF131;MSI1;CASC3;MSI2;CCAR1;CRKL;IPO5;YY1;TIAL1;ZC3H12C;PPP1CC;PNN;ALKBH1;PEG10;RAVER2;CWC22;NUSAP1;CPNE3;KPNA2;EIF2S3B;SRRM2;PNISR;RBFOX1;PCID2;TYW5;KHNYN;NGDN;RC3H1;WBP11;GTPBP1;SRRM1;ATXN2L;HNRNPUL1;XRN1;PRPF3;SBDS;SNRPG;SRSF4;PPIG;NUP98;DNA2;SNRNP200;EIF1B;KPNB1;SNRPA;ZCCHC8;MRPL19;BAZ2A;NMD3;C1ORF52;PRPF8;RAD51AP1;FXR1;HELZ2;ATXN2;BAG4;PCBP1;SAFB2;KHDC4;PPARGC1A;ZC3H15;RBM11;BARD1;SRPK2;PRPF38B;NONO;RDX;PUM1;HARS2;QKI;ANKHD1;CLK3;CHERP;CS;AIMP1;HNRNPL;H1-4;SEPSECS;LIN28B;EIF2S3;EPRS1;CNOT1;FASN;HNRNPF;FUBP1;CAPRIN1;MKRN2;UBA1;DHX29;HNRNPC;DCP1A;LSM14A;RIGI;RBM27;TOP2A;ARF1;RBM25;TUT7;DDX47;TUT4;HMGB2;ADK;YBX1;CHD2;PHF6;MTO1;LARP1B;PTBP1;RO60;TUBA1B;ZC3H7A;TMSB4X;DHX15;RBPMS2;NELFCD;RBM34;TNPO1;COA6;RBM33;RBM15;PARP1;ZFR;RANGAP1;SMC1A;YWHAZ;MRPS5;PATL1;PTBP3;PSMA6;PSMA1;SYF2;THRAP3;CSDE1;SDE2;STRAP;DCP2;NUFIP2;POLDIP3;MRPS30;PURB;EXOSC10;EXOSC9;IGF2BP2;HEATR6;SMNDC1;SF3B1;SRSF11;EIF4B;CCT4;RBM39;SF3A1;CNBP;RSRC2;SORBS2;RRP1B;DEK;SCAF4;PRKRA;EIF3I;SERBP1;PKN2;HDGF;NECTIN3;HSPA1B;HSPA1A"
"Protein Serine/Threonine Kinase Activity (GO:0004674)",NA,NA,NA,NA,NA,NA,NA,NA,NA,NA,NA,NA,NA,NA,NA,NA,NA,NA,NA,NA,5.16e-07,0.000167,32.69480353,"CCNK;TESK2;TBK1;CHEK2;AKT3;PBK;PIM1;TLK1;CPNE3;NEK2;PIM3;PIM2;MAP3K4;BRD2;CSNK1G3;PRKAB2;CSNK2A1;RIPK2;CSNK2A3;DYRK1A;MASTL;UHMK1;CIT;MELK;MYO3A;TSSK3;CSNK1G1;PRKAA2;ROCK1;TTK;PPM1D;AURKB;AURKA;MAPK6;BRD4;PLK4;SRPK2;MAP3K2;CDK11A;CSNK1A1;RIOK3;PLK1;HIPK1;CLK4;CLK3;CLK1;PIKFYVE;STK24;STK17B;STK26;CDK2;CDK1;PKN2;CDK16"
"Microtubule Binding (GO:0008017)",NA,NA,NA,NA,NA,NA,NA,NA,NA,NA,NA,NA,NA,NA,NA,NA,NA,NA,NA,NA,8.65e-06,0.001403965,27.24284702,"CEP57;KIF14;ABRAXAS2;WASL;KIF15;RACGAP1;FNTA;OPA1;KIF5B;NUSAP1;WHAMM;FAM83D;GTSE1;DLGAP5;SPAG5;NDE1;PLK1;HAUS4;KIF23;KIF22;TERF1;KNSTRN;CCSAP;CKAP5;CENPE;KIF18A;KIF18B;KIF2A;KIFC1;REEP4;PRC1;REEP3;JMY;SBDS;BIRC5;KIF2C;KIF20A;KIF20B;CEP44"
"Ubiquitin-Like Protein Transferase Activity (GO:0019787)",NA,NA,NA,NA,NA,NA,NA,NA,NA,NA,NA,NA,NA,NA,NA,NA,NA,NA,NA,NA,9.56e-06,0.001403965,26.87193615,"TRIM71;UHRF2;CUL3;UBE2D3;XIAP;CBL;ANAPC11;UFL1;CDC23;RMND5A;RNF139;HECTD3;ARIH1;TRIM23;BARD1;UBE2C;NSMCE2;RC3H1;WWP1;ZFP91;TRAF2;PJA2;DDB2;MIB1;PIAS1;RNF168;UBE2W;ITCH;RNF169;UBE2R2;UBE2S;UBE2T;TRAF6;RLIM;FBXL5;CBLL1;TRIM11;BIRC2;LNX2"
"DNA Binding (GO:0003677)",NA,NA,NA,NA,NA,NA,NA,NA,NA,NA,NA,NA,NA,NA,NA,NA,NA,NA,NA,NA,1.08e-05,0.001403965,18.78176063,"ZNF451;CCNT1;JMJD1C;SMC5;YY1;ELK4;CHCHD2;EME1;MAEL;MORC3;PCID2;RFX3;ZBTB33;WBP11;THAP1;NEIL3;POLG2;XRN1;THAP9;DNA2;ZNF675;SNRPA;CCDC25;FOXO4;ZNF24;CDKN2AIP;RAD51AP1;SBNO1;HMBOX1;PCBP1;ZSCAN10;SAFB2;PPARGC1A;BPTF;SMAD4;POU2F1;ZBTB16;H1-4;MLXIPL;NR4A1;NR4A3;FUBP1;EZH1;RAD18;EZH2;ZNF496;TOP2A;RNF11;WDR48;PHF1;HP1BP3;HMGB2;CHD4;YBX1;CHD2;CHD1;PTBP1;ZMYM3;SNAPC1;EXO1;ZIC3;KDM6A;POLG;RFC1;PARP1;ARNT;PROX1;TERF1;SMC1A;ARID1A;RAD23B;DDB2;MMS22L;THRAP3;IRF2;MTF2;SDE2;CRY1;GTF2A1;GTF3C3;KDM3B;LIN9;NR2C1;CENPC;PURB;RNF138;H2AZ1;H2BC9;IRX2;POLQ;TCF7L2;ATAD5;CNBP;FOXJ3;ARID3B;PER1;NR6A1;ZNF219;POLE3;ERCC5;CUL4B"
"Nuclear Localization Sequence Binding (GO:0008139)",NA,NA,NA,NA,NA,NA,NA,NA,NA,NA,NA,NA,NA,NA,NA,NA,NA,NA,NA,NA,4.67e-05,0.005034986,71.02687992,"KPNA6;NUP153;KPNA4;NUP98;KPNA2;TNPO1;KPNB1;NUP58;IPO5"
"Nucleosome Binding (GO:0031491)",NA,NA,NA,NA,NA,NA,NA,NA,NA,NA,NA,NA,NA,NA,NA,NA,NA,NA,NA,NA,6.33e-05,0.005133323,36.70353609,"H2AZ1;PARP1;HDAC1;HP1BP3;CHD4;ARID1A;GATAD2B;RNF168;H1-4;MLLT10;RNF169;RBBP4;RCC1;HNRNPC;H3-3A"
"Ubiquitin-Protein Transferase Activity (GO:0004842)",NA,NA,NA,NA,NA,NA,NA,NA,NA,NA,NA,NA,NA,NA,NA,NA,NA,NA,NA,NA,6.35e-05,0.005133323,17.87775968,"TRIM71;RNF11;UBE2D3;CCAR1;HERC4;CDC23;RNF19A;ARIH1;TRIM23;KCMF1;RNF44;MSL2;RC3H1;ZFP91;TRAF2;PJA2;DDB2;RNF168;RNF125;RNF169;UBE2R2;TRAF6;PELI1;TRIM59;CBLL1;BIRC2;TRIM11;UHRF2;CUL3;PELI2;RNF38;XIAP;CBL;ANAPC11;NEURL1B;C18ORF25;RMND5A;RNF139;RNF138;HECTD3;UBR5;BARD1;UBE2C;WWP1;MIB1;UBE2W;ITCH;GID4;UBE2S;UBE2T;RLIM;MKRN2;FBXL5;ASB1;LNX2"
"Nuclear Receptor Binding (GO:0016922)",NA,NA,NA,NA,NA,NA,NA,NA,NA,NA,NA,NA,NA,NA,NA,NA,NA,NA,NA,NA,7.14e-05,0.005133323,26.92247961,"TCF7L2;TMF1;JMJD1C;BAZ2A;PROX1;ARID1A;TRERF1;SIRT1;MED12;PAGR1;ASXL1;NR4A1;MED14;NR4A3;NCOR1;MED30;CNOT1;THRAP3;CRY1;BRD8;HMGN3;PPARGC1A"
"Ubiquitin-Like Protein Ligase Activity (GO:0061659)",NA,NA,NA,NA,NA,NA,NA,NA,NA,NA,NA,NA,NA,NA,NA,NA,NA,NA,NA,NA,0.000158,0.010244447,16.76458063,"TRIM71;ZNF451;RNF11;UHRF2;CUL3;PELI2;UBE2D3;RNF38;XIAP;CBL;CCAR1;ANAPC11;HERC4;NEURL1B;UFL1;C18ORF25;RNF139;RNF138;RNF19A;UBR5;ARIH1;TRIM23;KCMF1;RNF44;UBE2C;NSMCE2;MSL2;RC3H1;WWP1;PJA2;MIB1;PIAS1;ITCH;RNF125;GID4;TRAF6;PELI1;RLIM;MKRN2;TRIM59;CBLL1;TRIM11;BIRC2;ASB1"
"Chromatin DNA Binding (GO:0031490)",NA,NA,NA,NA,NA,NA,NA,NA,NA,NA,NA,NA,NA,NA,NA,NA,NA,NA,NA,NA,0.000195,0.011479156,26.18066837,"H2AZ1;KDM3B;HDAC1;JMJD1C;CHD4;GATAD2B;SBNO1;H1-4;PER1;RBBP4;POLE3;RCC1;HNRNPC;PPARGC1A;H3-3A;KDM6A;EZH2"
"Ubiquitin-Ubiquitin Ligase Activity (GO:0034450)",NA,NA,NA,NA,NA,NA,NA,NA,NA,NA,NA,NA,NA,NA,NA,NA,NA,NA,NA,NA,0.000238,0.012818647,84.77833399,"TRAF6;PELI2;UBR5;PELI1;UBE4B;ANAPC11"
"Kinase Binding (GO:0019900)",NA,NA,NA,NA,NA,NA,NA,NA,NA,NA,NA,NA,NA,NA,NA,NA,NA,NA,NA,NA,0.000347,0.016068712,13.51326726,"ATF2;CCNK;CDKN1B;MAML1;KIF14;PRKAG2;PEBP1;KIF11;FOXM1;CKS1B;PPP1CC;UFL1;CHEK2;WWC3;FBXO5;PRKAB2;TICAM2;PPP1R12A;BORA;PARP1;ADAM10;TRAF2;CDC25C;YWHAZ;CIT;CDC25B;SGO1;CCNA2;CKS2;KIF20A;ANKRA2;CACUL1;MVP;ATP1A4;DBF4B;AURKB;AURKA;CCNB1;RACGAP1;RNF138;ORC3;UBQLN1;RICTOR;FAM83D;BARD1;MAP3K2;TCF7L2;CDKN2C;CEP152;PLK1;PTK2;MOB1B;TPX2;PER1;NR4A3;PRC1;PFKM"
"Ubiquitin Protein Ligase Activity (GO:0061630)",NA,NA,NA,NA,NA,NA,NA,NA,NA,NA,NA,NA,NA,NA,NA,NA,NA,NA,NA,NA,0.000348,0.016068712,14.87423698,"TRIM71;RNF11;UHRF2;CUL3;PELI2;UBE2D3;RNF38;XIAP;CBL;CCAR1;ANAPC11;HERC4;NEURL1B;C18ORF25;RNF139;RNF138;RNF19A;UBR5;ARIH1;TRIM23;KCMF1;RNF44;UBE2C;MSL2;RC3H1;WWP1;UBE4B;PJA2;MIB1;RNF168;ITCH;RNF125;GID4;TRAF6;PELI1;RLIM;MKRN2;TRIM59;CBLL1;TRIM11;BIRC2;ASB1"
"Cyclin-Dependent Protein Serine/Threonine Kinase Regulator Activity (GO:0016538)",NA,NA,NA,NA,NA,NA,NA,NA,NA,NA,NA,NA,NA,NA,NA,NA,NA,NA,NA,NA,0.000657,0.028322972,27.34721081,"CCNA2;CCNB2;CCNK;CCNB1;CDKN1B;CDKN2C;CCNT1;CCNF;CCNG1;CKS2;CKS1B"
"Nucleosomal DNA Binding (GO:0031492)",NA,NA,NA,NA,NA,NA,NA,NA,NA,NA,NA,NA,NA,NA,NA,NA,NA,NA,NA,NA,0.000919,0.036944592,29.86800115,"H2AZ1;H1-4;RBBP4;HDAC1;RCC1;CHD4;HNRNPC;H3-3A;GATAD2B"
"Signal Sequence Binding (GO:0005048)",NA,NA,NA,NA,NA,NA,NA,NA,NA,NA,NA,NA,NA,NA,NA,NA,NA,NA,NA,NA,0.000971,0.036944592,26.56037276,"KPNA6;KPNA4;NUP153;NUP98;KPNA2;TNPO1;TOMM20;KPNB1;NUP58;IPO5"
"mRNA Binding (GO:0003729)",NA,NA,NA,NA,NA,NA,NA,NA,NA,NA,NA,NA,NA,NA,NA,NA,NA,NA,NA,NA,0.001291985,0.046439701,11.99232424,"RBM25;POLDIP3;MSI1;MSI2;TYMS;CRYZ;TIAL1;FXR1;PURB;ZC3H12C;PTBP1;ATXN2;AUH;PEG10;PCBP1;RBPMS2;IGF2BP2;SF3B1;SRRM2;RBFOX1;RBM15;KHNYN;CNBP;RC3H1;PUM1;QKI;PTBP3;HNRNPL;ATXN2L;FUBP1;CAPRIN1;SERBP1;NUP98;HNRNPC;DCP1A;LSM14A;RBM24"
"RNA Polymerase II Core Promoter Sequence-Specific DNA Binding (GO:0000979)",NA,NA,NA,NA,NA,NA,NA,NA,NA,NA,NA,NA,NA,NA,NA,NA,NA,NA,NA,NA,0.001430335,0.048706663,55.41993004,"H2AZ1;GTF2A1;POU2F1;HDAC1;H3-3A"
"Cell cycle",NA,NA,NA,NA,NA,NA,NA,NA,NA,NA,NA,NA,NA,NA,NA,NA,NA,NA,NA,NA,1.11e-11,3.12e-09,119.3022414,"CDKN1B;HDAC1;BUB1B;TTK;ANAPC11;CDC20;CCNB2;CCNB1;CDC23;ORC6;PTTG1;ORC1;CHEK2;ORC3;RAD21;CDC27;BUB3;E2F5;BUB1;SMAD4;CDKN2C;PLK1;CDC25C;SMC1A;YWHAZ;CDC25B;CCNA2;WEE1;STAG2;DBF4;ESPL1;CDC16;CDK2;CDK1;MAD2L1"
"Oocyte meiosis",NA,NA,NA,NA,NA,NA,NA,NA,NA,NA,NA,NA,NA,NA,NA,NA,NA,NA,NA,NA,0.000152,0.016756285,22.74679837,"PLK1;PPP2R5D;PPP2R5C;CDC25C;SMC1A;YWHAZ;ANAPC11;AURKA;CDC20;SGO1;PPP1CC;CCNB2;CCNB1;CDC23;PTTG1;ESPL1;CDC27;CDC16;CDK2;CDK1;FBXO5;BUB1;MAD2L1"
"Ubiquitin mediated proteolysis",NA,NA,NA,NA,NA,NA,NA,NA,NA,NA,NA,NA,NA,NA,NA,NA,NA,NA,NA,NA,0.000205,0.016756285,20.9409809,"UBE2C;CUL3;UBE2D3;XIAP;WWP1;UBE4B;CBL;PIAS1;ANAPC11;DDB2;CDC20;HERC4;UBE2W;ITCH;CDC23;UBE2R2;UBE2S;TRAF6;CDC27;UBR5;CDC16;UBA1;BIRC2;CUL4B"
"Progesterone-mediated oocyte maturation",NA,NA,NA,NA,NA,NA,NA,NA,NA,NA,NA,NA,NA,NA,NA,NA,NA,NA,NA,NA,0.000238,0.016756285,23.30315983,"PLK1;GNAI3;KIF22;CDC25C;GNAI1;CDC25B;ANAPC11;AURKA;CCNA2;CCNB2;CCNB1;CDC23;AKT3;CDC27;CDC16;CDK2;CDK1;BUB1;MAD2L1"
